mse cv train,rmse cv train,mae cv train,r2 cv train,mse test,rmse test,mae test,r2 test,seed,bootstrap_rep
0.00017664202497157333,0.008857937745827694,0.008857937745827694,0.9450272883835049,0.001540408459090363,0.039248037646363455,0.028514942064338144,0.6827905480681695,21,0
0.0004545916747463227,0.015123741277765501,0.015123741277765501,0.8079532561186196,0.0012164002345761299,0.03487692983300179,0.025072894737401628,0.6791401621843753,21,1
0.0008199868401944842,0.020110690495143448,0.020110690495143448,0.8426232477738635,7.996781009641001e-05,0.008942472258632397,0.006929635197067072,0.9730834854970172,21,2
0.0002985717826517871,0.011800972638458041,0.011800972638458041,0.920444201128888,0.0007719223440549069,0.027783490494444844,0.020329542836612955,0.8962194590678386,21,3
0.0009142797642174693,0.022195828343583208,0.022195828343583208,0.8615311775603167,0.0019179456441468215,0.04379435630474344,0.03256500776509417,0.5284135923068198,21,4
0.00059855449829874,0.018863509995240543,0.018863509995240543,0.8186876846425148,0.0010549759549070782,0.032480393392123164,0.02668810817166876,0.5443769447239529,21,5
0.0010147624434173302,0.020540002809959906,0.020540002809959906,0.818830119925208,0.0009752157622933341,0.031228444762641226,0.02445237277906299,0.728047344806331,21,6
0.0007422296276607451,0.01959189542677146,0.01959189542677146,0.881090843087406,0.00017353134459559475,0.01317312964316357,0.01004307851905339,0.9300818144051684,21,7
0.0015044383959674922,0.02655948681545241,0.02655948681545241,0.7558309209813467,0.00010520113759557103,0.010256760580006293,0.008156403865564738,0.970582011920228,21,8
0.00031953001156228097,0.010904560108885254,0.010904560108885254,0.9319841416528902,0.0008172744085679301,0.02858801162319496,0.024455124803392275,0.8765042625447322,21,9
0.0007355446513926339,0.017824605383672375,0.017824605383672375,0.8233633796531208,0.00041954277001142226,0.020482743224759282,0.016625852365466896,0.9051520717297921,21,10
0.0022362950987482953,0.030452424038327264,0.030452424038327264,0.5028368877955209,0.0009811703131773558,0.031323638249369366,0.03065172265836623,0.7686154975797537,21,11
0.0010506054233702874,0.02594321222019725,0.02594321222019725,0.8307802425583273,0.0019771698875606833,0.04446537852712696,0.036608826487282406,0.4503016422789714,21,12
0.0019576373957099057,0.027584803741068947,0.027584803741068947,0.682071954410089,0.0006145364848667168,0.02478984640667862,0.019975077106849533,0.7512626201155548,21,13
0.0026016073545581347,0.03418818014957984,0.03418818014957984,0.40210068269264376,0.0004786900365497734,0.021878986186516354,0.015900915344421757,0.906596359980763,21,14
0.0007450621782862743,0.01396638171109357,0.01396638171109357,0.8370459908202741,0.00025449851996079976,0.015953009746151343,0.011696823750132193,0.9231665806605074,21,15
0.0012038724299136133,0.02749264164049274,0.02749264164049274,0.7445287999339669,0.0014322839335406182,0.037845527259381895,0.032431268035918365,0.7954577835241277,21,16
0.0005683626110408366,0.018941088899751025,0.018941088899751025,0.8695726861226243,0.0012668164635966724,0.03559236524307808,0.022982877670637003,0.8394599002183406,21,17
0.00033027314384595854,0.010377782571974034,0.010377782571974034,0.9499685767647029,0.0017702904997639968,0.042074820258249435,0.03199299377368638,0.2395547916484,21,18
0.000198065505936227,0.01041552252853039,0.01041552252853039,0.9526115856925846,0.002103939228319864,0.045868717317141795,0.03233494349496286,0.6856235396913608,21,19
0.0011170086077430495,0.018100683521981104,0.018100683521981104,0.8208715992268941,0.0021116899645707383,0.04595312790845405,0.032969922332838714,0.43979396337856,21,20
0.0007805457379237957,0.01997632449072036,0.01997632449072036,0.8036554877461751,0.00011622973063761886,0.01078098931627422,0.008952361306887494,0.9610116713915683,21,21
0.0004548931258233929,0.015771905820921958,0.015771905820921958,0.9116045613054364,5.918009053510552e-05,0.007692859711128594,0.006311549823312605,0.9920528775403785,21,22
0.0013702611878101073,0.02643878710529548,0.02643878710529548,0.8103697840284162,0.000944134794428101,0.03072677650564896,0.02862698747653149,0.556273708596874,21,23
0.0005922027223686984,0.013936715209541305,0.013936715209541305,0.8393721241001583,0.0008591002273788113,0.02931041158664974,0.013810548084446109,0.7327439968378695,21,24
0.0003795200613828257,0.013959265470606132,0.013959265470606132,0.9058699563957192,0.006140175872610058,0.078359274324167,0.0597196127795824,0.35776094578260054,21,25
0.0015689999461079532,0.02803236936190158,0.02803236936190158,0.7125239243828558,0.00038173241998577735,0.019537973794275017,0.011645849355509592,0.9229042560355221,21,26
0.000323925521126113,0.01197654975597546,0.01197654975597546,0.8842399549403036,0.00017316439735979246,0.013159194403906055,0.009932889888931514,0.9805666865830814,21,27
0.001091818822788339,0.024159543016016326,0.024159543016016326,0.8310497458386344,0.0006320201199962078,0.025140010342006778,0.016414418214541163,0.8805621295121865,21,28
0.0012322009259125041,0.025503617523083347,0.025503617523083347,0.7044034924450284,0.0007059933304818736,0.026570535005563466,0.0247280225675733,0.8909961175298533,21,29
0.00021975617604086314,0.01104884360034835,0.01104884360034835,0.9370595508168675,0.0015763940065123669,0.03970382861277193,0.0278970846461038,0.6811957279317542,21,30
0.001103522483343063,0.02678050414643264,0.02678050414643264,0.8084319554558511,0.0009112050640851188,0.03018617339255042,0.02506487614045577,0.8675939355181365,21,31
0.000797354842330291,0.020622444796629696,0.020622444796629696,0.8433516830883996,0.00018652080439925277,0.013657261965681582,0.010686176854396082,0.9137549135400975,21,32
0.0013413852858382583,0.024880302489428435,0.024880302489428435,0.7926009503112689,0.0008679969744704823,0.02946178837868608,0.027620322117153373,0.8247344991735726,21,33
0.0012462713910661835,0.028312123293883867,0.028312123293883867,0.7439243039770448,0.00024056752073687857,0.015510239222425894,0.012866637621221415,0.5224790460538655,21,34
0.000422501404717737,0.014541456762293478,0.014541456762293478,0.9171331812239563,0.00019466126423641264,0.013952106086050688,0.012004368981157441,0.9434413081855965,21,35
0.0004539020405049654,0.01392452558815248,0.01392452558815248,0.8884565083734052,8.979555384692919e-05,0.009476051595835113,0.00825983148821577,0.9729394693963703,21,36
0.0006442998605351523,0.01850310608513377,0.01850310608513377,0.8156949273824666,0.0013862988848339806,0.03723303485930177,0.033734320012435676,0.6822182873613114,21,37
0.00036947325657594576,0.013354028992906707,0.013354028992906707,0.8421157837615412,0.001137998692071552,0.03373423620109921,0.019786369835340694,0.756588650902726,21,38
0.00025644510364700347,0.01070998377975587,0.01070998377975587,0.927518424709246,0.0012854916980128957,0.03585375430848066,0.022387013091724528,0.8793873640378085,21,39
0.002111051446052101,0.03103649807088192,0.03103649807088192,0.5894703383831413,0.0003861642414802816,0.019651062095476714,0.01849653135958165,0.9164261079239848,21,40
0.0007986557876282526,0.022088872600020033,0.022088872600020033,0.870586439470339,0.0013644317443714023,0.03693821522991335,0.027401139936988932,0.6555315399163127,21,41
0.0007822655432436119,0.018791785679068654,0.018791785679068654,0.8520737861717296,0.0007280202584659404,0.026981850538203275,0.015381108799222864,0.8178053411074829,21,42
0.0005585473988252153,0.016625757263963547,0.016625757263963547,0.8531417092186848,0.00010336978860284873,0.010167093419598776,0.008448049057206893,0.9837941168839821,21,43
0.0021987106646137685,0.022029779179215905,0.022029779179215905,0.5448289615081906,0.0012333851591423749,0.035119583698306776,0.028142376109898223,0.8073474200155784,21,44
0.0005552307789651896,0.014636671396039334,0.014636671396039334,0.8485909789586786,0.0005547248659971736,0.023552597860897927,0.012866512311845405,0.8871994002980128,21,45
0.001474575964690967,0.033355419130507595,0.033355419130507595,0.7773888067663411,0.0008259288621842246,0.02873897809916394,0.02329886241854882,0.832669270494017,21,46
0.0009738286292876963,0.02550159147107022,0.02550159147107022,0.8385345907303152,0.0010936369972238164,0.033070182902787466,0.027795102254973263,0.44593265227357715,21,47
0.00015741497433066295,0.008742280205443601,0.008742280205443601,0.9669311972740815,0.001492182991937445,0.03862878449987062,0.027629852009265748,0.8645673244499126,21,48
0.0007325739687107938,0.018127746444020782,0.018127746444020782,0.8715383046443472,0.0008019690962441415,0.028319058886978245,0.016473418064783012,0.8932725429790844,21,49
0.0011069025116680962,0.024639551734117957,0.024639551734117957,0.8008358714541092,0.0006705898216094346,0.02589574910307548,0.02088910948365454,0.6981328338601125,21,50
0.000993183106699561,0.022523523673500818,0.022523523673500818,0.8353565415831045,0.0015525150754177976,0.03940196791300909,0.022979557836986936,0.4946882142260244,21,51
0.001147172092803063,0.0238174322334624,0.0238174322334624,0.8266666125503126,0.0005348249517812702,0.02312628270564187,0.016908169105065023,0.9300514568219208,21,52
0.0006581816533227067,0.019296966583710298,0.019296966583710298,0.9129370880528317,0.0005519031282826923,0.023492618591436167,0.018950628861157635,0.8900868895743098,21,53
0.0006290903199833718,0.013837086018984706,0.013837086018984706,0.8672480971490466,0.0035553454086322683,0.059626717238434886,0.036497764561315066,0.5151312659562246,21,54
0.0007389995250861032,0.020683615484881283,0.020683615484881283,0.887932886354465,0.0007344551815455302,0.027100833595030432,0.01583412095532265,0.25707863158035404,21,55
0.0009853626503054838,0.021600093954287473,0.021600093954287473,0.8265423944167001,0.00045334374121905346,0.021291870308149385,0.016722387704897174,0.8676216490671282,21,56
0.0013972333866169983,0.023796081588723393,0.023796081588723393,0.6940261859306236,0.000773086017217171,0.02780442441801612,0.02188664007717044,0.7885768253606873,21,57
0.0012256621599440526,0.024424478803417547,0.024424478803417547,0.791038196304787,0.00381395385269139,0.06175721700895685,0.05248837160081476,-0.0026690444175145878,21,58
0.0004344733708018195,0.016157922346856337,0.016157922346856337,0.905897671577011,0.001034569975760403,0.03216473186209397,0.01858980441700653,0.8030351105500403,21,59
0.00035913773731162916,0.013439144120225314,0.013439144120225314,0.7826206841548352,0.0006319047922992717,0.02513771652913748,0.015312155288099497,0.8913404350423931,21,60
0.0008875244168734367,0.02142459596052489,0.02142459596052489,0.7981226932833947,0.0007130299474164076,0.026702620609528337,0.022243808057353768,0.7512024582659482,21,61
0.0002902501213762137,0.013337231245702689,0.013337231245702689,0.9289386658415039,0.0003246241949876185,0.018017330406794967,0.014628144252198452,0.9438832102820752,21,62
0.000987926908095941,0.022034866396230715,0.022034866396230715,0.8196717346920726,0.002134132370414004,0.04619667055550653,0.035234802085063396,0.18477025699735794,21,63
0.0011120945340535155,0.02464824707681613,0.02464824707681613,0.7492266296941933,0.0028480863758299675,0.05336746551814099,0.04653790049078971,-1.075033309095005,21,64
0.0007152313837932274,0.020193265408777163,0.020193265408777163,0.7760807054383032,1.0412231283917793e-05,0.003226798922139059,0.0027965804517776035,0.996879296630497,21,65
0.0009602786929422098,0.023709419015581764,0.023709419015581764,0.8403436505095296,0.00017802567136540785,0.013342626104534589,0.011103615663472744,0.936094084008637,21,66
0.0005446319127655262,0.017426613127272516,0.017426613127272516,0.9089865668166532,6.740011823260955e-05,0.008209757501449696,0.007204306743457553,0.9817229146435201,21,67
0.001383717298981964,0.02660956846759999,0.02660956846759999,0.784424678012503,0.0002132982648295832,0.01460473432930511,0.009458606776911349,0.9369136095358197,21,68
0.0012918787759421224,0.028907782467079826,0.028907782467079826,0.7794991533196256,0.00031808217781122274,0.01783485850269698,0.011541894942483448,0.8725820449710067,21,69
0.0012917306870783348,0.02603292937652656,0.02603292937652656,0.7418904015008232,0.00021097604694977947,0.014525014524942117,0.011621796989525021,0.758468701242745,21,70
0.0011425076285283744,0.026878828705039264,0.026878828705039264,0.8226558919739089,0.00032615534168620874,0.018059771363065722,0.016280473257843275,0.8727577914334799,21,71
0.0008626892489540944,0.022241539030122853,0.022241539030122853,0.8806853949646217,0.000195947678717544,0.013998131258048125,0.011962846520233527,0.9473796593700455,21,72
0.0008251769115730376,0.02051347190729255,0.02051347190729255,0.8588956807826473,0.00041077683005308487,0.020267630104506173,0.012856534951833603,0.8600603064416659,21,73
0.000778510096406906,0.019764554781837054,0.019764554781837054,0.8447947903389748,0.00019098690992262033,0.013819801370592138,0.009954253851884204,0.8822680979480368,21,74
0.0008476764190317003,0.019610868335253204,0.019610868335253204,0.7501410742891227,0.0012194740673648742,0.034920968877808566,0.027999616007739633,0.7142972528205006,21,75
0.0008357384955777869,0.021554571409474945,0.021554571409474945,0.7505136959715972,0.00021126775140807376,0.01453505250792283,0.012450905742236867,0.9630392713749703,21,76
0.0006329218010975565,0.014903292975174077,0.014903292975174077,0.830106361405118,0.0011214614409097705,0.03348822839312003,0.022823696496041334,0.49487471202865674,21,77
0.0010225433247796126,0.02473763245883641,0.02473763245883641,0.8324960894690341,0.00038440666964165756,0.01960629158310305,0.01707544822091418,0.922546594187414,21,78
0.0008898976197217454,0.021934386618279702,0.021934386618279702,0.7581767045901033,0.0007726944033483591,0.02779738123184195,0.02369151759729195,0.8826336917640414,21,79
0.0010934014067244234,0.02891693855484312,0.02891693855484312,0.8623758006040847,0.0007388361171711947,0.02718154000735048,0.01657764831022901,0.8355481201683127,21,80
0.0011150842453029062,0.024573759491837873,0.024573759491837873,0.779994474677514,0.00024829767131910396,0.015757463987555356,0.00986512179975499,0.9506756798920826,21,81
0.0008129748615247076,0.019535102997125336,0.019535102997125336,0.88066061907249,0.00168301261708564,0.041024536768690514,0.03363066613196658,0.6104027538093542,21,82
0.0012130078611537298,0.019654120850341614,0.019654120850341614,0.7519482128015058,0.002140244216709007,0.04626277355184195,0.03979248667186483,0.25648887426221334,21,83
0.002186256172414456,0.023415856870976325,0.023415856870976325,0.42585780285397845,0.00106434774736151,0.032624342864822735,0.021861941298509293,0.8148167731172931,21,84
0.0011850823155414734,0.027809658336183977,0.027809658336183977,0.7872167275913897,0.0003417751118989492,0.018487160731138496,0.017129429523947904,0.846001408610916,21,85
0.0010963739633800362,0.01818424598191835,0.01818424598191835,0.7619172074314086,7.310682018163855e-05,0.008550252638468559,0.0067904644683007866,0.9751538826004392,21,86
0.0006901889541744583,0.01982569193729059,0.01982569193729059,0.883095081143382,0.001108763317373599,0.033298097804132884,0.027771085347395547,0.49661932533366737,21,87
0.00046337046393377644,0.01819505513352232,0.01819505513352232,0.9121637383381237,3.3643333547794666e-05,0.005800287367690903,0.004613938065090172,0.993168698034584,21,88
0.0004715871561603157,0.01688995610570278,0.01688995610570278,0.8836140103190246,0.0005345802300311137,0.023120991112647264,0.016187058069373633,0.8844651568038622,21,89
0.0011548189092587147,0.0170213490493155,0.0170213490493155,0.7631565396584278,0.00027800701865982605,0.01667354247482598,0.01431544448363993,0.9242592809510378,21,90
0.0009514027641646566,0.019896606923326125,0.019896606923326125,0.8238263236290029,0.0004050644745797858,0.020126213617563185,0.019074726856742493,0.6406632166181192,21,91
0.0005396480661870955,0.015151228320008179,0.015151228320008179,0.904196505260004,0.0008680601194309642,0.029462860000871678,0.022455761354967563,0.8573587115446875,21,92
0.00018106538698065732,0.00962229965982694,0.00962229965982694,0.9391010303445179,0.0001864754858953606,0.01365560272911308,0.008992639052289482,0.9611141074459377,21,93
0.0007532995933227298,0.016013914684831362,0.016013914684831362,0.8013268141500682,0.0011585058198467048,0.03403683034371304,0.024164980968445743,0.8289032339143451,21,94
0.0008297910658468396,0.022989099201024196,0.022989099201024196,0.8759773756217314,0.00020432339604901345,0.014294173500031874,0.012197887885755447,0.9562887429365939,21,95
0.0003557025134693334,0.014900098863037059,0.014900098863037059,0.9518338843682062,0.0003480673378592027,0.018656562862949935,0.014043733140865362,0.947883420567729,21,96
0.0003743364552052536,0.016621181812343625,0.016621181812343625,0.9504921622372913,0.000400361316713771,0.02000903087892492,0.019000238101518362,0.861599919308964,21,97
0.00045774586713731954,0.016340584456798084,0.016340584456798084,0.9189263608376881,0.0006350653435583281,0.025200502843362633,0.020999641822092657,0.8555343156349076,21,98
0.000804702169096058,0.02226182554946785,0.02226182554946785,0.8041610414509961,0.00027139665787075166,0.016474120852742087,0.0161477674048011,0.6448780789486498,21,99
0.002667897100031419,0.029369896419811636,0.029369896419811636,0.6284315815797306,0.0025363387912709103,0.0503620769157797,0.03926834256515861,0.5097185637696191,21,100
0.0002014291042655576,0.00877250968318494,0.00877250968318494,0.955626189414992,0.0001422225404424364,0.01192570922177949,0.010473045520816649,0.8827297993545316,21,101
0.0006888722130888927,0.014998397454229349,0.014998397454229349,0.7748868850600004,0.00018416778289048383,0.01357084311641999,0.011570333874677064,0.9534870227169053,21,102
0.0008610395852292725,0.02461192307163721,0.02461192307163721,0.8326349643728645,0.0008936432095029319,0.029893865750399894,0.02526131336667207,0.8801792621915738,21,103
0.0010055903933743628,0.02136069369287004,0.02136069369287004,0.7804706484037852,0.0003662300170154159,0.019137137116492006,0.015095904504422787,0.9391665831030253,21,104
0.0010681044890857984,0.024638828277760726,0.024638828277760726,0.8052152459283154,0.002934596010511444,0.054171911637964594,0.04724120176849783,0.0638853962042718,21,105
0.0011625930877391807,0.02423595088689304,0.02423595088689304,0.7622032591725894,0.00048613494613931337,0.022048468113211706,0.017315757189536343,0.7107627389570346,21,106
0.00046191081939280675,0.011402239527037351,0.011402239527037351,0.911602709464389,0.0003919042422656814,0.019796571477548364,0.010725928352011244,0.9475522108405966,21,107
0.0004232312932442938,0.013393460714629733,0.013393460714629733,0.8791321900687883,4.012304679203586e-05,0.006334275553844801,0.004237352294412973,0.9682439404696133,21,108
0.0008982571631087631,0.01935609891115582,0.01935609891115582,0.7751180863521447,7.238493145031166e-05,0.00850793344181251,0.007154730937510405,0.9773090100997168,21,109
0.0008317060799907548,0.023288617677968415,0.023288617677968415,0.9047173135881895,0.0011147142696443775,0.03338733696544811,0.03272739505505622,0.7613178875104162,21,110
0.0008993112693921424,0.021918204230544233,0.021918204230544233,0.7768253619314891,0.00015104325164619096,0.012289965485964187,0.010865700282763685,0.9629422776968417,21,111
0.0007045078399157252,0.02063485816156219,0.02063485816156219,0.8973630274839899,0.00038969991421991605,0.019740818478976904,0.015192291451426055,0.8814237092115932,21,112
0.00015651441652982768,0.008698814644975038,0.008698814644975038,0.9454213968506548,0.001989637643171027,0.044605354422659026,0.03763708433812421,0.7187656383331325,21,113
0.000929469474626953,0.023612533327639296,0.023612533327639296,0.7717680488015558,0.0029211641813490924,0.054047795342169996,0.04053552799093096,0.5125749278836368,21,114
0.0004806371644764159,0.0157244072246525,0.0157244072246525,0.9386945967747014,0.00036935862689058493,0.019218705130434385,0.01585633196525319,0.9204841339038106,21,115
0.0005183400509282536,0.014875269835086012,0.014875269835086012,0.8920204002501751,0.0009335565812202492,0.03055415816579225,0.023142885833208598,0.686102390992799,21,116
0.0009211121303855979,0.024402474122526344,0.024402474122526344,0.8021914057747792,0.0001672499572981279,0.012932515505427702,0.010362626101550492,0.9731736348212097,21,117
0.0009928844041847912,0.021183495996269605,0.021183495996269605,0.7820301353914673,0.0005062140313350661,0.022499200682136823,0.01915611516637469,0.9115424254653359,21,118
0.00045662432258949053,0.015621644735836616,0.015621644735836616,0.8896913802723942,0.00022967145432153114,0.015154915186880167,0.010112691329215585,0.9396490886101607,21,119
0.0005520999069082803,0.01681259226121926,0.01681259226121926,0.850930338860877,0.000297742278063445,0.01725521017152341,0.013119854666306996,0.9101353987697203,21,120
0.00026374409699170314,0.008404668201870358,0.008404668201870358,0.9342376374549727,0.0002700042385091632,0.016431805698375428,0.011909721547011413,0.7925705779346505,21,121
0.00033988562590893043,0.011975930215663979,0.011975930215663979,0.8908293359306236,0.0004306891151985484,0.020753050744373665,0.016705655911417094,0.8636399735609429,21,122
0.000937154575423461,0.022155579239724225,0.022155579239724225,0.8599655293712223,0.00010139663301867856,0.010069589515897783,0.008482618775484209,0.9639506657966163,21,123
0.000615031259858552,0.017242145791607176,0.017242145791607176,0.8806615517060241,0.00104016589834704,0.032251603035307254,0.020626915226468538,0.8466353590598863,21,124
0.0004825503921273473,0.013657042494866822,0.013657042494866822,0.9164887097573261,0.00011524194744133489,0.010735080225193237,0.008139384080796222,0.9781231377267554,21,125
0.001233843340568705,0.030067211532705553,0.030067211532705553,0.8064942124196386,0.0016281632100928662,0.04035050445896391,0.02998885324661248,0.6847270694673285,21,126
0.0007303050738903251,0.02019437753270274,0.02019437753270274,0.8849671163859972,0.0006651965204292243,0.02579140400267547,0.01891855943951947,0.8522634153882839,21,127
0.0008707096218489936,0.020502546695948337,0.020502546695948337,0.8590535022347326,0.00030409567928983607,0.017438339350116915,0.012836210215887005,0.9506666449262532,21,128
0.0006650057453772279,0.01676349341345416,0.01676349341345416,0.8867951107050602,0.001016225475711583,0.031878291605912365,0.024831847583138538,0.8540694790230622,21,129
0.0007902613417821417,0.01880573267004814,0.01880573267004814,0.7514352347789132,0.0013927096625578007,0.03731902547706466,0.02701255409637136,0.7256846377348332,21,130
0.00044751226804351616,0.01755748643340962,0.01755748643340962,0.8751638215723301,0.00014697546232655086,0.012123343694152652,0.011012004530854132,0.9619312658887628,21,131
0.0005079485613560318,0.015319877401956061,0.015319877401956061,0.7948363664687126,0.0011832948167943415,0.03439905255663797,0.028751264353791467,0.35760684931103126,21,132
0.0007037305681811646,0.015082616884783802,0.015082616884783802,0.8188334668699102,0.0013857473971443481,0.037225628230351575,0.029030255311909527,0.2881647384114625,21,133
0.0014022726752869448,0.025067666078386022,0.025067666078386022,0.7704104069352884,0.0003267714479024475,0.018076820735473578,0.012628944565915264,0.9152793137676212,21,134
0.0011516089428809067,0.023054859851758345,0.023054859851758345,0.7643944018125208,0.001304226464830024,0.0361140757161252,0.027427128752955426,0.8051988265682886,21,135
0.0016197025175820668,0.029552630079609177,0.029552630079609177,0.6148302467126061,0.0005259871957705741,0.02293441073519383,0.015138603046092936,0.8587848272837302,21,136
0.0005639108221271019,0.019019398372223398,0.019019398372223398,0.9132989561067736,0.0004821421603236567,0.021957735774065065,0.0187225146539368,0.8235663100986996,21,137
0.0013744186253920436,0.029450772619001683,0.029450772619001683,0.7178819679341664,0.001994176503302555,0.044656203413440274,0.03753504656676918,0.2914994032376148,21,138
0.001034135254803547,0.024166182203637507,0.024166182203637507,0.8442306408324287,0.0002686920810732526,0.01639182970486372,0.01292679826666935,0.9190835253733467,21,139
0.0011366404103140529,0.025269740904342322,0.025269740904342322,0.8389935377346599,0.0025873492668055135,0.050865993225390906,0.038918290760836166,0.6212361511234866,21,140
0.0007418735909152043,0.021965744447802346,0.021965744447802346,0.8721027081656315,0.00046828506310050587,0.021639895173047995,0.01459427786167163,0.844572798787634,21,141
0.0005415218703261047,0.016645135728444838,0.016645135728444838,0.8408060340481813,0.0016943837628115891,0.041162893032579584,0.02461572643852893,0.7781520884507529,21,142
0.00022221358923583595,0.00982169838539178,0.00982169838539178,0.9521664670924668,0.00027866610119882087,0.016693295097098743,0.012640484635896405,0.935626152557024,21,143
0.0009993417478360975,0.02298115208921043,0.02298115208921043,0.8504460915220364,0.0011550756428720028,0.0339864037943411,0.025242462236119645,0.6073608959864834,21,144
0.002214299112653664,0.030582736021718643,0.030582736021718643,0.6794924711544559,0.0002753660598347331,0.01659415740056521,0.01225048975852641,0.9525272945880853,21,145
0.0010387474751771394,0.024246851145281148,0.024246851145281148,0.8675702358162666,0.0005263712911399399,0.022942782985940043,0.02009752615524574,0.9375823031635581,21,146
0.0009362741726878361,0.025485770903364315,0.025485770903364315,0.8455632273981042,0.00026183710310003367,0.016181381371812287,0.014257613582826019,0.8802992199658916,21,147
0.0004171613480536522,0.013005644733333016,0.013005644733333016,0.903082198930107,0.006695634589994888,0.08182685738799265,0.06796127360457833,-2.863898787941486,21,148
0.0008806618268098108,0.017669098180299356,0.017669098180299356,0.8311779640114476,0.0012960616872978409,0.03600085675783065,0.02715739906098133,0.7585005895706426,21,149
0.0008199353246272559,0.02238197924165893,0.02238197924165893,0.8463374575539029,0.0008539660993334954,0.029222698358185462,0.018420543558833918,0.8653234360364932,21,150
0.00035312956454207887,0.01049201510123099,0.01049201510123099,0.8938901530507188,0.0003525651483204306,0.01877671825214488,0.01295957613606609,0.9400657492110518,21,151
0.0009761207262159249,0.021914318363413517,0.021914318363413517,0.7809318125160998,0.00020167293770589865,0.014201159731018402,0.011071208252608307,0.6342653152331887,21,152
0.0009503881105890934,0.028584728961120392,0.028584728961120392,0.8456001636528505,0.0006871329885074087,0.026213221635415375,0.022859991920590725,0.7625653631145912,21,153
0.00023825720617584055,0.011113168905496676,0.011113168905496676,0.930579594917444,0.0018883845820279578,0.04345554719512755,0.027258415882289794,0.6850727125079623,21,154
0.000840038522855163,0.02180449864168541,0.02180449864168541,0.8663478354700347,0.0004124868862792777,0.020309773171536843,0.015541432936977684,0.8953822692049923,21,155
0.0009138157539751367,0.022080897702078862,0.022080897702078862,0.8460770877411788,0.0006569730584702554,0.025631485685973322,0.019609601840742105,0.8816841674872354,21,156
0.001045615110823672,0.023487212566060567,0.023487212566060567,0.8450615371217488,0.0012151624076500052,0.034859179675517396,0.030513401886316252,0.7162577682578561,21,157
0.000571253401826183,0.016673619741482505,0.016673619741482505,0.7948998827421708,0.00015561520696986164,0.012474582436693488,0.010131658798168647,0.968115785592222,21,158
0.001148463861904645,0.027624817860847237,0.027624817860847237,0.8010661040025958,0.0015697703550957888,0.039620327549072444,0.03214185477058995,0.8080389876995824,21,159
0.0002955393729639199,0.009944554003029134,0.009944554003029134,0.9356496413971211,0.0011459134385101034,0.03385134323051455,0.02750278753428201,0.7153116493111393,21,160
0.000899783113237155,0.023570288904345635,0.023570288904345635,0.8468740764452046,0.0002727164540091089,0.016514128920688154,0.015608082433998272,0.8288118881917681,21,161
0.0003833019468413167,0.01516022932690081,0.01516022932690081,0.8896049212815281,3.529015807613539e-05,0.005940552000962149,0.004722955029206946,0.9439056200582372,21,162
0.0007373300092695582,0.016110949700705705,0.016110949700705705,0.7046998638753801,0.001815564763073611,0.042609444529043215,0.03380073790977485,0.5377765520259552,21,163
0.0009406397539456453,0.02552077806680335,0.02552077806680335,0.8528761304725735,0.00033485355988587657,0.018299004341380886,0.016180313063244023,0.926738621024965,21,164
0.001096247259788516,0.024103399777901314,0.024103399777901314,0.8014564048370092,0.0010809675202947575,0.03287807050747896,0.02554800862790209,0.6160560885876811,21,165
0.0008573301248262254,0.02413574306303421,0.02413574306303421,0.8423435770300045,0.0002651002063239721,0.016281898117970525,0.010576480845072454,0.9478345174063741,21,166
0.0012103204111986727,0.027768311211131515,0.027768311211131515,0.6693330271796997,0.0006656397148087421,0.025799994473037047,0.02116004082911654,0.6694635331060594,21,167
0.0014413410447324483,0.028719159923456763,0.028719159923456763,0.7676310824971581,0.0008933155136128119,0.029888384258986163,0.02568036714724592,0.7237787741911477,21,168
0.0011628927424912863,0.025242071140490333,0.025242071140490333,0.8142919493281012,0.0007996080455688791,0.02827734155766555,0.023766782847978913,0.8901679046072921,21,169
0.0014768446202967182,0.025309788083684594,0.025309788083684594,0.7660651414140577,2.826756963508981e-05,0.005316725461700068,0.00482926102620837,0.9911103210945809,21,170
0.0010819139818542087,0.022613389526809396,0.022613389526809396,0.8221426136205686,6.920118814908045e-05,0.00831872515167321,0.007494058807495631,0.9893773968699144,21,171
0.0004167977121948412,0.01511164884269494,0.01511164884269494,0.8984598452105,5.2529831326174375e-05,0.007247746637829883,0.00517252593541187,0.9889210065642934,21,172
0.00012721644278453176,0.0072144402349877245,0.0072144402349877245,0.9801532236538784,0.00030309763710391807,0.017409699512166144,0.012422018968749421,0.9334670334930103,21,173
0.0009231483231907656,0.022424941891429195,0.022424941891429195,0.7870779634102804,0.0008799094563171355,0.029663267795661613,0.02060059896260546,0.502260665887952,21,174
0.001312164124482946,0.027278824191650872,0.027278824191650872,0.7924261104259872,0.0005381440830611788,0.02319793273249103,0.01831294702413086,0.9051235785742321,21,175
0.0011980175445812165,0.02107108450476009,0.02107108450476009,0.6901400352999623,0.002366144647097877,0.04864303287314512,0.02547346555086556,-0.0007957952516828293,21,176
0.0013434069539354637,0.027912461710219834,0.027912461710219834,0.7219824273284723,0.0005571105373640398,0.02360318913545455,0.015612497192210119,0.8801083664315593,21,177
0.0006164535177806229,0.017686232127769368,0.017686232127769368,0.8019935070122742,0.0011603577617853111,0.034064024450808965,0.026489872643329086,0.8330465210669338,21,178
0.0005807017797179777,0.016495553976810965,0.016495553976810965,0.8896193136841026,0.0011036510232981522,0.0332212435543607,0.020595784159239395,0.7264020043832484,21,179
0.0018396513498772733,0.028521723806854717,0.028521723806854717,0.62027367686249,0.0007984316529297482,0.02825653292479012,0.027599614452695154,0.8894492414423444,21,180
0.0019038991496869366,0.027293599101673338,0.027293599101673338,0.6681399994134571,0.0006648123833745967,0.02578395592950385,0.021152547438010306,0.6519388798381649,21,181
0.0014371848601976666,0.024508974226620055,0.024508974226620055,0.6781510573648328,0.00043229566803886345,0.02079172114181179,0.01833705351585145,0.9454983872915113,21,182
0.0001980258920647267,0.010160611707324475,0.010160611707324475,0.954965446327089,0.00015204179395156175,0.012330522857995995,0.007275489117477003,0.9566242694194447,21,183
0.00017556837269416386,0.00731428301145191,0.00731428301145191,0.9367583343846104,0.0006438265564784506,0.02537373753467255,0.01554891770503842,0.8874164105955136,21,184
0.0003767054646774809,0.014579703005853008,0.014579703005853008,0.9119239855454335,0.0007807454936301278,0.027941823376976094,0.0210496198675786,0.8063581756630143,21,185
0.0013942247197054895,0.025826821127364525,0.025826821127364525,0.7666266723965207,0.0015335162094758804,0.039160135462940886,0.033281118087245716,0.7139813530786016,21,186
0.0006047069378277649,0.017939901871608363,0.017939901871608363,0.853757086773293,0.001283110958745234,0.035820538225230986,0.02454675599731083,0.6239503480784747,21,187
0.0012185890861057013,0.028611869607240565,0.028611869607240565,0.7431489439402965,8.23701758881959e-05,0.009075801666420212,0.007952659019371554,0.9832865990012775,21,188
0.0008018195929201357,0.021282635372356046,0.021282635372356046,0.8242242231446919,0.004217855054001566,0.06494501562092017,0.048360163805506805,0.033582125065553026,21,189
0.0011044234394159821,0.027231534088448424,0.027231534088448424,0.7523113555957902,0.0011961159190457353,0.034584908833850285,0.026637829998709894,0.625396734194636,21,190
0.00028913571981942205,0.008182360167103619,0.008182360167103619,0.9378422987966888,0.00032490773715577656,0.018025197284794875,0.00900379326410402,0.920954683073003,21,191
0.000645869238814526,0.017235155238750313,0.017235155238750313,0.8215277325251905,0.0005862338447850664,0.02421226641157466,0.01686813117705687,0.7675119050154793,21,192
0.0008667703653456209,0.022256847672920275,0.022256847672920275,0.8412608655574105,0.0011183344997185082,0.033441508634009146,0.03013089030187073,0.6605798257342612,21,193
0.0004082277273697179,0.011456400383565515,0.011456400383565515,0.8812735528401323,0.0011075133051682566,0.03327932248661707,0.024694631480960624,0.6791195089432216,21,194
0.0016083539302588416,0.02160319506948392,0.02160319506948392,0.7726103026534096,0.0012288151901240461,0.035054460345639984,0.02212750480233154,0.7881922584982258,21,195
0.00030360593312435516,0.013508707453688122,0.013508707453688122,0.9514866991151036,6.508448857024222e-05,0.008067495805405927,0.0062762883472700275,0.9495282466808049,21,196
0.002108308875928956,0.031007185283429092,0.031007185283429092,0.6643838391028074,0.0002696083655776071,0.016419755344633094,0.012186539183063545,0.937469992668317,21,197
0.0005160396611595167,0.015409542713167449,0.015409542713167449,0.8644267745747167,0.0014573014231100438,0.03817461752408325,0.025680293734003767,0.8374099513374931,21,198
0.0005423914035489418,0.014919776832120896,0.014919776832120896,0.860619156923814,7.55876062341764e-05,0.00869411330925566,0.007757630113594797,0.9512270644475276,21,199
0.0016567474069532544,0.029947523170147636,0.029947523170147636,0.5642955842577576,0.00044904346659853915,0.02119064573340178,0.017603700459854963,0.8516761817261892,21,200
0.001535531201721233,0.024846689302763545,0.024846689302763545,0.6608177427523709,0.0006536000922579711,0.02556560369437755,0.01579255161118026,0.8147132966907661,21,201
0.00037370276879292885,0.014763248929188165,0.014763248929188165,0.9337150320140564,0.0006554147139196062,0.025601068608939084,0.01961677781449915,0.7619924568929755,21,202
0.0006461033386180179,0.01953394089480141,0.01953394089480141,0.8552110602850356,0.0007885530949399856,0.028081187562850426,0.021969396384533147,0.15407301845389643,21,203
0.0004517676446264005,0.01483945623253444,0.01483945623253444,0.9208228680456202,0.0007851416858756683,0.028020379831038483,0.02182378750082192,0.8179678708166155,21,204
0.0005697097716357177,0.016344814088470456,0.016344814088470456,0.8498753972806958,0.00044170981445793245,0.02101689354918877,0.014659243527755689,0.34338266918515714,21,205
0.0005845293786777689,0.02107919472445904,0.02107919472445904,0.9109677581483192,0.0005452340216086901,0.02335024671408613,0.01854569111762454,0.8526949543330522,21,206
0.0021383290118011777,0.0372379563191123,0.0372379563191123,0.5029063024446594,0.0007366629752823253,0.027141535978686345,0.021614010470283978,0.8597207916207161,21,207
0.0005743830677711524,0.014731517994242833,0.014731517994242833,0.871719795107938,0.0035970612681960144,0.05997550556849033,0.052778266662559935,0.128270960393025,21,208
0.000311965225689099,0.012026123351967165,0.012026123351967165,0.9296277363365072,0.00027456669676474937,0.016570054217314723,0.01185127912082287,0.942706188875388,21,209
0.001716258376668479,0.02831140329951613,0.02831140329951613,0.7407768531834704,0.001978663262533497,0.04448216791629537,0.038953361327610354,0.5865255147217455,21,210
0.002084028227298594,0.02890539280927609,0.02890539280927609,0.6201790236550032,0.0014112622494999814,0.03756677054924979,0.030669945659918225,0.7419936227447653,21,211
0.0004915004804982496,0.0143950206585369,0.0143950206585369,0.9057253869462745,0.002142471641985389,0.046286840916024814,0.03383871110925813,0.3260801204409728,21,212
0.0008357323165549425,0.02268709657708074,0.02268709657708074,0.8343878633336963,0.00046178882598703645,0.02148927234661603,0.01504783400650074,0.9263949369725003,21,213
0.00040925079436911015,0.015878134738177372,0.015878134738177372,0.8854069056386757,0.002200152730250805,0.04690578567992231,0.03848184144381148,0.7797302269096396,21,214
0.0006863168379943061,0.01994966069047238,0.01994966069047238,0.8770697210336037,0.001241129957926659,0.03522967439427534,0.029189255525938828,0.6786298400350628,21,215
0.0002917421989778017,0.012593343762866652,0.012593343762866652,0.9370768939123424,0.001287577174695643,0.035882825623069915,0.02278827726774434,0.7831998517490928,21,216
0.00043180713467611643,0.015308552877838999,0.015308552877838999,0.8875067384730333,0.00010691372762275213,0.01033990945911772,0.009077488676334018,0.9379675187615116,21,217
0.00037658832879292444,0.014600645247583508,0.014600645247583508,0.9264017916094449,0.0012098101967230334,0.03478232592457028,0.025559199848072058,0.7791042735219368,21,218
0.00038005256678705314,0.013753178497971594,0.013753178497971594,0.9118529707930948,0.00030896139372103734,0.017577297679707123,0.012928370859633784,0.9376462924810722,21,219
0.0008180450477650023,0.019544387079974614,0.019544387079974614,0.8938213368501011,0.0010816085969130556,0.03288781836657846,0.026622092296551315,0.8082804170526701,21,220
0.0011921921907733664,0.03211991519982677,0.03211991519982677,0.8324166176868721,0.00022674071012674475,0.015057911878037563,0.012332304230607398,0.9265858935469437,21,221
0.0001571670331917923,0.007476859550058083,0.007476859550058083,0.9683479166949521,9.087533840865685e-05,0.009532855732080332,0.007972812040290366,0.9546146809777852,21,222
0.0010325871069231764,0.023349117015718054,0.023349117015718054,0.7965187841451317,0.0038940362608007885,0.06240221358894882,0.05009137174965883,0.24289532391689506,21,223
0.0016928019168863185,0.026481768229072805,0.026481768229072805,0.6272209749527659,0.00015763929752309885,0.012555448917625322,0.009090604303420667,0.9802966937596462,21,224
0.0020025577503292244,0.028571614362873858,0.028571614362873858,0.5983155804737699,0.00030284751560354296,0.017402514634487252,0.015098640377059833,0.855469862176285,21,225
0.0007327772195311592,0.01845666268314749,0.01845666268314749,0.905148123477861,0.00013669907665263663,0.011691838035682698,0.009616393642986783,0.9770317307785225,21,226
0.0011451947559965592,0.02764115418981295,0.02764115418981295,0.7952800370906257,0.0005107744918259035,0.022600320613343154,0.014297714032067218,0.8987207761800508,21,227
0.0010859271576739412,0.027040533136360772,0.027040533136360772,0.7764657906015318,0.000875429998951134,0.029587666331617538,0.024030830481917047,-0.45578887105433297,21,228
0.0007885628654988175,0.01854396572258094,0.01854396572258094,0.7992365422292261,0.00015041063241583673,0.012264201254702107,0.009970429985455137,-2.1570512312702035,21,229
0.00022823328584827007,0.008255200284329219,0.008255200284329219,0.9444468494315263,0.0007869177605649315,0.028052054480285957,0.02524311765190028,0.8857002612770783,21,230
0.0006068807474220427,0.017756079821142547,0.017756079821142547,0.8524491918521584,6.159452885108245e-05,0.00784821819593992,0.006793020046138849,0.9742569971405255,21,231
0.0005900833915870861,0.016900796185166152,0.016900796185166152,0.883261471602722,0.0007336306250518213,0.027085616571380117,0.025471177999065352,0.4054288873872153,21,232
0.0001921249563069386,0.007196141062878918,0.007196141062878918,0.9584244858505778,4.7846118631761135e-05,0.006917088884188285,0.00467609768866657,0.9935478889707624,21,233
0.000290916992279157,0.010356360285836417,0.010356360285836417,0.943338727446193,0.0017403139384393718,0.04171707010852239,0.02803906204854172,0.7375850440607159,21,234
0.00037658441712340446,0.013637224742943417,0.013637224742943417,0.9252125525173327,0.0005789358831548396,0.024061086491570564,0.019899942841493753,0.9193647547242597,21,235
0.0011001053761554554,0.027084849289767156,0.027084849289767156,0.8474589670280388,0.001179579554371237,0.03434500770667022,0.02597155408939879,0.7636924199726552,21,236
0.001218963695545048,0.019720463409355703,0.019720463409355703,0.7662437669775601,0.00025007754806678783,0.015813840395893335,0.011109194522241123,0.9230374604054942,21,237
0.0002392467276152711,0.011107825076101132,0.011107825076101132,0.9282981414450678,0.00031393622002566735,0.017718245399182937,0.011603520162167499,0.7249272514408421,21,238
0.0005544236535102688,0.01682646766595922,0.01682646766595922,0.8741202461043047,0.003435148063449896,0.05861013618351262,0.03590337769078607,0.5550742972355422,21,239
0.0004577391668509856,0.014461193460402786,0.014461193460402786,0.9158621148500271,0.0005079145471225864,0.022536959580266955,0.01492788089843486,0.9062737508625285,21,240
0.0010245146331671997,0.021993127056388773,0.021993127056388773,0.7846835333783004,0.00025135298164238824,0.01585411560581,0.010952169631420426,0.9646622589366204,21,241
0.000635475665328566,0.018150900274551986,0.018150900274551986,0.8832470004146006,0.0006022955492631023,0.02454171039807744,0.021254726745370604,0.9085164261277897,21,242
0.000829218867966329,0.023152510910115935,0.023152510910115935,0.8741762761352132,0.000751000535878987,0.02740438898933868,0.019894161792177692,0.9010111097252692,21,243
0.0009514511001226813,0.028086725463253144,0.028086725463253144,0.8822607599226951,0.0009178256216348744,0.030295637006586846,0.027355083889709475,0.892762481655619,21,244
0.001060761837071537,0.02541719387428341,0.02541719387428341,0.8095355448509713,0.0011525581466953505,0.03394934677862522,0.028020213795827382,0.6880400646586011,21,245
0.0006694173930734032,0.018754049877320704,0.018754049877320704,0.8973255403940547,0.0015720757493551246,0.03964941045406759,0.03287056942241367,0.7861863425609975,21,246
0.0006104099471222007,0.015231342586109389,0.015231342586109389,0.8171205563492637,4.4759351415956674e-05,0.006690243001263607,0.004959991983769646,0.9753975679103963,21,247
0.00045096257698616713,0.013142008127334412,0.013142008127334412,0.8926958219175029,0.00047463604676943795,0.021786143457928436,0.013263332598852833,0.9231628000190973,21,248
0.0014146524222568612,0.017019794260461026,0.017019794260461026,0.5801363119619594,0.0024412622600241568,0.049409131342537854,0.037947240024544644,0.6923566112339958,21,249
0.001158591376660651,0.021843153096328935,0.021843153096328935,0.718585589803805,0.001732451268136208,0.04162272538092872,0.036527232125047965,-20.505451509626102,21,250
0.0012588107608635676,0.025797835497213754,0.025797835497213754,0.6827502690290571,0.0008492646223938824,0.02914214512340988,0.019585248420689448,0.889929531900257,21,251
0.0008294130096165893,0.021161217074443264,0.021161217074443264,0.8273880298602021,0.00011824859377074133,0.01087421692678334,0.01028990954316667,0.9640076171633458,21,252
0.0011055520847764288,0.01796161852471716,0.01796161852471716,0.6624694071140522,0.001294509780830371,0.03597929655830379,0.028154666479238876,0.7658514702904378,21,253
0.0008746540279263247,0.022776363732330517,0.022776363732330517,0.8853874994541926,0.0007900816242858132,0.028108390638487527,0.0223824340694757,0.7863400461308345,21,254
0.0004391709744680751,0.013963974573298142,0.013963974573298142,0.9191950004056306,0.0014006609812931478,0.03742540555950126,0.025107608827373052,0.7492592597143607,21,255
0.0007185754059540265,0.018172874770207126,0.018172874770207126,0.8665204088747005,4.974617181113382e-05,0.0070530966114986555,0.005979288755116617,0.9765268594132518,21,256
0.00036399600960720897,0.012618810998247947,0.012618810998247947,0.9314025359467565,2.1266406130544393e-05,0.004611551380017834,0.004232284853294123,0.9605325669118873,21,257
0.0018309557306965204,0.0276312374933042,0.0276312374933042,0.5154357951004525,0.0006289301707273876,0.025078480231612674,0.024604934520418453,0.8847504736116535,21,258
0.0006601002330672465,0.016013513741544045,0.016013513741544045,0.832195333412538,0.001711633773225802,0.041371895934629366,0.02740987515358396,0.6869896050080669,21,259
0.0005348046883889342,0.017033203575148127,0.017033203575148127,0.8561687932594605,0.0005373075083406187,0.02317989448510538,0.01803239489794879,0.8647075515040757,21,260
0.001064859841822977,0.02390322094658573,0.02390322094658573,0.8520599806362325,0.0008981408124673074,0.02996899752189431,0.025081415320944017,0.3067885813732615,21,261
0.0006263408065524359,0.012971597750819932,0.012971597750819932,0.7796669708655677,0.00046630889814529866,0.02159418667478122,0.009679166730974341,0.941154082894584,21,262
0.0009617678551408049,0.023255591903887575,0.023255591903887575,0.7964047471956721,0.0004023134407427245,0.02005775263439861,0.017160916789510372,0.9403000869526882,21,263
0.0011869617381416525,0.02849543032592615,0.02849543032592615,0.8012841048660316,0.00022278960893576917,0.014926138446891385,0.012535883676229405,0.9652682927365053,21,264
0.0008596146714965809,0.021265401238315954,0.021265401238315954,0.8578642979949013,0.0008756084980375148,0.029590682622026732,0.025083388418657943,0.8515280273046556,21,265
0.0012996336595915343,0.017341954947236476,0.017341954947236476,0.7136456990700921,0.0010752810589543477,0.03279147845026734,0.025648710220513567,0.7192165679660296,21,266
0.0006646662681410865,0.018991943184707816,0.018991943184707816,0.8727701618675944,0.0001379258554762919,0.011744183899969035,0.008983111882874527,0.9767617940548698,21,267
0.000686075314273211,0.020290119521357244,0.020290119521357244,0.8892050893070345,0.001259459184343938,0.03548886000344246,0.027651425696329123,0.6973628474533446,21,268
0.0012855107404093056,0.026497888977906614,0.026497888977906614,0.7123342915780807,0.0009768604921342652,0.03125476751048174,0.024911654950787374,0.4876496510972339,21,269
0.0010455299884547307,0.024347513143348567,0.024347513143348567,0.8528303280900534,0.0009715626614839491,0.03116989992739709,0.028823826879016513,0.8569823404064087,21,270
0.0011625230186268411,0.021696422929036438,0.021696422929036438,0.8257757777198518,0.00037394482457295725,0.019337653026491017,0.011749061624310135,0.9263043963630172,21,271
0.0009644722274240188,0.024997092260478252,0.024997092260478252,0.8679198383817867,0.0007117373383923601,0.026678405844284627,0.02244342554302901,0.8863795003042013,21,272
0.000591156666457661,0.014955465159073426,0.014955465159073426,0.870973864248261,0.0008675906742481495,0.029454892195493597,0.02160632317760768,0.8749820496496642,21,273
0.0006814225356401652,0.014763878066703765,0.014763878066703765,0.7911310794147561,0.0011384775379771146,0.03374133278305874,0.01626462688806049,0.8789773039886463,21,274
0.0005619481277355133,0.017350885301511236,0.017350885301511236,0.8984924016932856,9.646448051849387e-05,0.009821633291794897,0.008417921211710115,0.9844829852621038,21,275
0.00036551159160219,0.011391493046810808,0.011391493046810808,0.913144462061184,0.0008852518019566123,0.02975318137538593,0.01982314612038144,0.8130765193485734,21,276
0.0011425627745190803,0.023114069297911922,0.023114069297911922,0.8157936162740179,0.0005014372540900178,0.02239279469137378,0.018971083376752445,0.8368153496643173,21,277
0.0009119857408335769,0.024846034938615452,0.024846034938615452,0.8386524970863998,0.00019727020507942115,0.01404529120664364,0.011793010755804823,0.9446892491315277,21,278
0.0005202956134001306,0.01774306513255584,0.01774306513255584,0.8913511385928492,0.0002304446813461477,0.015180404518528078,0.008708180059833759,0.9619769030968123,21,279
0.0012221552762056048,0.022508377876895694,0.022508377876895694,0.7478350260633854,0.00010323536570489075,0.010160480584346921,0.007210729636940687,0.9607527667495268,21,280
0.0008977681748455329,0.02177938936274099,0.02177938936274099,0.8089673041621226,0.00031420982679213787,0.017725964763367266,0.013203410864954369,0.9322253692811499,21,281
0.0013996981402644834,0.030571756869522532,0.030571756869522532,0.7896240472581425,0.0006057447763261238,0.024611882827734327,0.01623178803369054,0.6978550358416837,21,282
0.001026576391194361,0.02194159983533067,0.02194159983533067,0.849163080796525,0.00031908468732322115,0.01786294173206701,0.011568523243187844,0.9407182900732967,21,283
0.0013946178391208573,0.022903853692056608,0.022903853692056608,0.7568855720513781,0.001202608703934614,0.03467864910769469,0.033007921972328665,0.4477036600434775,21,284
0.0005873177392566489,0.01690011384654803,0.01690011384654803,0.8562192758521183,0.0006157527097411505,0.024814364987666933,0.017114843457201524,0.8821559194314069,21,285
0.001974560876371037,0.02757682622120747,0.02757682622120747,0.6872529424419528,0.0004096117776024079,0.020238867992118728,0.016547764293940285,0.9094660222444444,21,286
0.0009508134693434899,0.024610657868685368,0.024610657868685368,0.8035328671251794,0.00020042015762671957,0.01415698264556115,0.012556035390651732,0.9172273736045438,21,287
0.0009240659338231515,0.0180775473540926,0.0180775473540926,0.8515813465305232,0.0010342914189810715,0.032160401412001556,0.023975458762451496,0.766362012886795,21,288
0.000586887983222902,0.016517959453533373,0.016517959453533373,0.9114839665985395,0.0009768938275985695,0.031255300792002776,0.02659891739966455,0.8362771152628139,21,289
0.00048183314279790244,0.016252589124704946,0.016252589124704946,0.9061923746867359,0.0009953286978698057,0.03154883037245289,0.017390948509793263,0.850732089486008,21,290
0.0006891228114875377,0.015504062439500872,0.015504062439500872,0.816068683733923,0.002066018661867452,0.04545347799528054,0.0300433598949811,0.6756974585924131,21,291
0.000253162034976124,0.01117941863761148,0.01117941863761148,0.9346567635337742,0.001021929199573304,0.03196762736853181,0.023003403874854444,0.7905282605915747,21,292
0.0005025800645593109,0.014317270788171707,0.014317270788171707,0.9241050029162682,0.0009585758953734587,0.03096087685084934,0.023435299715397578,0.305810659045348,21,293
0.00021223808817317596,0.009575386907478216,0.009575386907478216,0.9530592875176732,0.0003465776323662482,0.0186165956169824,0.015591802120783883,0.9322362093198484,21,294
0.00019642919959322845,0.008132040042824204,0.008132040042824204,0.9494166903047828,0.0006166565457020277,0.02483257025968169,0.015817021568838647,0.8259810033176276,21,295
0.00046298734056477505,0.014974963144537072,0.014974963144537072,0.9187030628991005,0.0005232651742692608,0.02287499014795986,0.018000318249057918,0.8503219386948436,21,296
0.0007937073908169989,0.021918287833678014,0.021918287833678014,0.8659825144810915,0.0005751702611564712,0.02398270754432183,0.019764282197845744,0.8597669348167837,21,297
0.0011742280053360853,0.028970994049887486,0.028970994049887486,0.8092177424113276,0.0005184455861733862,0.022769400215495054,0.019736669753767363,0.9329346941569663,21,298
0.0013363669716870688,0.027270020713137874,0.027270020713137874,0.7630876117419532,0.0006206327551059194,0.02491250198406253,0.019031377920059926,0.9284904704952023,21,299
0.0009575710916972528,0.020734171720391326,0.020734171720391326,0.7229728996949607,0.00046538574596563135,0.021572801069069156,0.01822059877113158,0.93454066809582,21,300
0.0005450106157428206,0.015170325494403463,0.015170325494403463,0.9116751685172517,0.002169666050075332,0.046579674216071246,0.032444748847862345,0.5328138475949117,21,301
0.000457198813351055,0.013521734403487225,0.013521734403487225,0.8976089316759749,0.0009265121317532763,0.03043866179307619,0.02135526491523639,0.7775185415784592,21,302
0.00045253838191219544,0.011991280161143687,0.011991280161143687,0.9014699118142611,0.0018419024704309603,0.04291739123515035,0.03268863195112316,0.6475798320374249,21,303
0.0004356086909226862,0.014393991540127653,0.014393991540127653,0.9258157968045791,8.486319254611851e-05,0.009212122043596607,0.006494438937794433,0.9775104945836326,21,304
0.001086848292724328,0.023750297359839974,0.023750297359839974,0.716075625740637,0.0006590886804803069,0.02567272249840883,0.02020513908321351,0.8835046449687948,21,305
0.0012392608582302283,0.02839645795550489,0.02839645795550489,0.6961194310679677,0.0011782159230709684,0.03432515000798931,0.02657390332718133,0.8293267008437399,21,306
0.0010223419090310219,0.02449100105999746,0.02449100105999746,0.8277165189205538,0.0003330486562771987,0.018249620715981983,0.013419100767573808,0.9111557160103403,21,307
0.0019343536185918954,0.02458887755964058,0.02458887755964058,0.689022599206589,0.0003143191418875421,0.017729047969012382,0.01300550879090106,0.7243831168023543,21,308
0.0001537867614829553,0.008031785332415125,0.008031785332415125,0.9673354469210131,0.0004934365313818111,0.022213431328406044,0.014393705008922113,0.9056996704867945,21,309
0.00037519899813377673,0.013339579869873141,0.013339579869873141,0.8929495086714433,0.000250982528007227,0.015842428096956192,0.012841673544091733,0.953820731532033,21,310
0.0011947447563142024,0.022873590786125178,0.022873590786125178,0.7579163812115577,0.0005051934383652969,0.022476508589309347,0.01683944098957233,0.8557614902652102,21,311
0.0010972619158626559,0.026027714100955765,0.026027714100955765,0.8180939914742676,3.50906724853049e-05,0.005923738050024233,0.005362308836585461,0.9944199949624961,21,312
0.0008283481502586912,0.021857676254978056,0.021857676254978056,0.8954323706318797,0.000796769503441839,0.028227105828296302,0.02760711188253401,0.8339092932759998,21,313
0.00122336630648785,0.027054118703766467,0.027054118703766467,0.8264062009062824,0.00044005263331114487,0.020977431523214296,0.01935922036441148,-0.07225512725624528,21,314
0.0006282690423138605,0.018837345323503375,0.018837345323503375,0.8548232915241636,0.0013302026166191526,0.03647194286871969,0.027039589442557518,0.8343174074216989,21,315
0.00037884541036841475,0.008817398884149492,0.008817398884149492,0.6287097183116532,0.00015414085781953991,0.012415347672116956,0.008691331490542735,0.9791506726064579,21,316
0.0010388130693078136,0.020551699224501768,0.020551699224501768,0.7591330618918996,0.0009376642076683117,0.030621303167375352,0.02554216937184338,0.5222367329061508,21,317
0.0006875717365525218,0.020953287952937726,0.020953287952937726,0.8528305964563407,0.0008158461164068477,0.02856302008553801,0.021548571220330576,0.873652689782798,21,318
0.0002376791619094355,0.009103287656350992,0.009103287656350992,0.9342588905830974,0.0009417227445247738,0.030687501438285487,0.016565100778981497,0.7688231265691324,21,319
0.00010781337137613151,0.006102916273343524,0.006102916273343524,0.9461077963576584,0.0008115132851771715,0.02848707224649756,0.02410321226030523,0.8393593831663613,21,320
0.0004971789932170477,0.016535466112648153,0.016535466112648153,0.9115522732147898,1.3282469003484687e-05,0.0036445121763391992,0.0026749508060342417,0.9949070876713942,21,321
0.0011463824726527102,0.023246480518218492,0.023246480518218492,0.6780837221572874,0.0002760268128632009,0.016614054678590683,0.013892542960500645,0.9359421737161296,21,322
0.0008026091418730722,0.0204464089051795,0.0204464089051795,0.8289660851365857,0.0008634712812028208,0.029384881847692033,0.026015118205098293,0.6087267608046206,21,323
0.0011477897617427225,0.022524250629679575,0.022524250629679575,0.84769590003665,0.002244973956505946,0.04738115613306566,0.03450437182419091,0.5896543409306139,21,324
0.0002913584802301105,0.012353724652329657,0.012353724652329657,0.9442121762704587,0.00038971298831904836,0.019741149619995495,0.01694929234031158,0.8935859895776992,21,325
0.0005657180979949533,0.0169376873994993,0.0169376873994993,0.8744612259478151,0.0017026524378373701,0.04126320925276378,0.02652183884332701,0.4948990649719128,21,326
0.00045537902171086987,0.01488101575901802,0.01488101575901802,0.895435804828452,0.0012935330189387756,0.03596572005311135,0.026409960730987003,0.7881216343687997,21,327
0.0016265676629280568,0.027310166074382247,0.027310166074382247,0.6990095819742514,0.00034754946810855127,0.018642678673102514,0.014399123089883276,0.9353552315771926,21,328
0.00047712950002867197,0.011337287286973549,0.011337287286973549,0.8935908247991886,0.00028501906783203916,0.016882507747133988,0.012692862891149535,0.9252026762516992,21,329
0.0004106766158621462,0.014311627750124468,0.014311627750124468,0.9036820316665745,0.0011230516176079233,0.03351196230613664,0.02355034171668836,0.8050164904599947,21,330
0.001232237725543587,0.027664832111504313,0.027664832111504313,0.7915526651769021,0.0003365345613557497,0.018344878341263256,0.016969558987829484,0.9222152043251558,21,331
0.00046820585255782774,0.014454703243735708,0.014454703243735708,0.8384437058481453,0.0013855547441195164,0.037223040500737124,0.03005899584309658,0.5823603524412946,21,332
0.00028456025197681604,0.010874607441103848,0.010874607441103848,0.9434876277505645,0.0008774794532150437,0.02962227967620054,0.02007659226310197,0.7960365126463762,21,333
0.0003920904770168588,0.014217555571445594,0.014217555571445594,0.8999021101502723,0.0008913921109936865,0.029856190497008932,0.023440952741035536,0.7890786607099105,21,334
0.0009287675705578318,0.021240748866077824,0.021240748866077824,0.815283762213393,7.965524377897385e-05,0.008924978643054214,0.007838139291295787,0.9801813675377826,21,335
0.0006357000639813787,0.021233813884787303,0.021233813884787303,0.9005473193193992,0.0008133866019257413,0.028519933413767663,0.017974986964163647,0.5937061595158266,21,336
0.001378554634198109,0.024981004399879762,0.024981004399879762,0.6693677052084497,0.0003855154418327549,0.019634547151201498,0.016929371271282773,0.8753425383231418,21,337
0.0020796336224212075,0.028618356536927854,0.028618356536927854,0.6420370941865648,0.0005023387599125465,0.022412915024881224,0.018273773882920907,0.8406032038687168,21,338
0.0007345691867505619,0.02324763796793329,0.02324763796793329,0.8692901990222104,0.0011111728562976568,0.033334259498264796,0.028603024797099266,0.7855314690344312,21,339
0.0008029845435862319,0.015522940995028085,0.015522940995028085,0.7540513318379688,2.4981691877329863e-05,0.004998168852422841,0.004312745410614276,0.9791990003686948,21,340
0.0010096276005479895,0.025883072072734666,0.025883072072734666,0.8400061129973407,0.00040510860355811863,0.020127309893726946,0.011968843419594102,0.9308711344759978,21,341
0.00038972895484958513,0.01185579961085375,0.01185579961085375,0.9108496759204585,0.00012396354864979348,0.011133891891418448,0.008411385503047616,0.9656461449504095,21,342
0.0009483513862120723,0.023825245589678135,0.023825245589678135,0.8479246198901265,0.0017588641967469214,0.04193881491824634,0.026305406638642642,0.6842306134307508,21,343
0.0004604170165272438,0.015437273769976457,0.015437273769976457,0.8916016382576352,2.2103261698919952e-05,0.004701410607351793,0.0035793340818687674,0.9962416299496327,21,344
0.00036406555597020374,0.014765746396558957,0.014765746396558957,0.9301199339776735,3.239311814482052e-05,0.0056914952468416,0.003967012401374928,0.9932294175879992,21,345
0.0009169889074484998,0.02188114262424034,0.02188114262424034,0.7562927977926496,0.0011263933333776424,0.03356178382293829,0.029462277941608564,0.8677225373180698,21,346
0.0008085901359001262,0.022248196159388348,0.022248196159388348,0.8896364470487124,0.0006089057084541723,0.024676014841423892,0.018848983594547754,0.7728497493651714,21,347
0.0008041046648538902,0.020665941447861477,0.020665941447861477,0.799023305641257,0.00014743781059550485,0.012142397234298706,0.009827873274370418,0.9665315124600595,21,348
0.0006890967680181519,0.019410723617174715,0.019410723617174715,0.8373939173863625,0.0005720105149019324,0.023916741310260736,0.018627801587200597,0.8591741701962217,21,349
0.00039319611760669365,0.01502644887723569,0.01502644887723569,0.9165753864836922,0.00030779419688538654,0.017544064434599712,0.01255224814983705,0.8832103038712762,21,350
0.000941741510159434,0.024401239734346866,0.024401239734346866,0.8672442004526717,0.00036656289384854874,0.019145832284038967,0.017088728159694224,0.9305487747448069,21,351
0.001170930264666837,0.028824079145144534,0.028824079145144534,0.7799951959953767,0.00013838592080371172,0.011763754536869243,0.008818824017129162,0.9748101412364222,21,352
0.0010471972865623192,0.022927574517284395,0.022927574517284395,0.8110695064960575,0.0005010691074704524,0.022384572979408216,0.017954019659309064,0.888171642635754,21,353
0.0017476921871862775,0.031697344487937824,0.031697344487937824,0.7294782892062737,0.0007543024026179878,0.02746456631039325,0.02650047319772139,0.8314057826360777,21,354
0.0005581073565429162,0.01810426633797152,0.01810426633797152,0.9309546781180725,0.0005660277240234402,0.023791337163418122,0.0159049427357564,0.862038001773431,21,355
0.0006493249094744276,0.017313542178537783,0.017313542178537783,0.8799719126332299,0.0019451778321857977,0.04410417023577019,0.025052952958875857,0.5928536683207621,21,356
0.0006697116598961692,0.019438175266517747,0.019438175266517747,0.8278389600605761,0.0009423724140474116,0.030698084859603403,0.026143887101991753,0.8740683646236935,21,357
0.00046759084669579224,0.014521879460837748,0.014521879460837748,0.9198479843403261,0.0004534630946702262,0.02129467291766244,0.016215983415620933,0.9215083250618508,21,358
0.001316212012652572,0.029637883240408947,0.029637883240408947,0.765549072675994,0.00046366408288062177,0.02153286053641322,0.019317827691051774,0.8532554056284312,21,359
0.0009834145660088949,0.022184704923579702,0.022184704923579702,0.8702053922834072,0.0010877006962654024,0.0329803077042256,0.023437860833213846,0.7068246361313821,21,360
0.001026079281394871,0.02687268082802112,0.02687268082802112,0.8318645417054868,0.0006704115021304887,0.025892305848079437,0.02314534235862337,0.8907601491177356,21,361
0.000822191547557185,0.022596275416166774,0.022596275416166774,0.8338845733634381,0.000422431743415599,0.0205531443680912,0.015424256072373604,0.7023499493166376,21,362
0.0005797414623893934,0.01681629882024949,0.01681629882024949,0.833663870735498,0.00016375489314806853,0.012796675081757313,0.009558851040739074,0.9496221194881623,21,363
0.0009162191303188536,0.024830044203798095,0.024830044203798095,0.8331658011799942,0.0004262510140203542,0.020645847379566533,0.017707082100806133,0.9404668398996682,21,364
0.0007619331369533778,0.019127830064794498,0.019127830064794498,0.8786534173903724,0.0003495676403249326,0.01869672806468909,0.01578527712215055,0.9593934386152808,21,365
0.00025565236054516673,0.00849607386569421,0.00849607386569421,0.9154526935614437,0.0017021456528535444,0.04125706791391682,0.03330965170892241,0.7392466920443919,21,366
0.0004673801769782069,0.014274658571817847,0.014274658571817847,0.8581362434432612,1.1024193343909757e-05,0.0033202700709294352,0.0029692545497967218,0.9977636513010906,21,367
0.0008042151574541852,0.022237514012733557,0.022237514012733557,0.7867897684210302,0.000396250764737028,0.019906048446063522,0.016159327610973936,0.9138158243060885,21,368
0.00038531285790235204,0.01610672650168079,0.01610672650168079,0.8933520630514636,0.0011282565407711306,0.03358953022552013,0.024701566874742314,0.7713847355923833,21,369
0.0008547707631732646,0.02431431466228828,0.02431431466228828,0.8605899544186895,0.00018925887217811877,0.013757138953216936,0.012542612817049445,0.9616789822250925,21,370
0.001276482274055848,0.029575748351688295,0.029575748351688295,0.7855958155249902,0.0009441190907534133,0.03072652096729165,0.025073995153289775,0.7743761571375916,21,371
0.0007735905235152173,0.020660496929777245,0.020660496929777245,0.808532710915802,9.890606069731105e-05,0.009945152623128065,0.007085379709042197,0.9701150535198294,21,372
0.00047908447855802,0.012426223734823221,0.012426223734823221,0.916234747408481,0.00042137555149079827,0.020527434118535085,0.01664559624116391,0.8514832905823182,21,373
0.0005630496252779542,0.017439650507043318,0.017439650507043318,0.9243505990899804,0.002210245661836178,0.04701324985401645,0.03531981461143744,0.6938205297880992,21,374
0.0005412073544545868,0.016678474407147013,0.016678474407147013,0.8834658184963632,5.465899662862887e-05,0.0073931722980483065,0.00574425833951215,0.9902386291250733,21,375
0.0007801251133174474,0.01633310342026476,0.01633310342026476,0.883578477490098,0.00039115915146600307,0.019777743841651985,0.013339400488113794,0.8148302758900584,21,376
0.00042552141495517845,0.013939420026396298,0.013939420026396298,0.8977717126206963,0.0008523926728382561,0.029195764638698128,0.02384301984390853,0.7224794686981718,21,377
0.0012904719992198985,0.026833841552986088,0.026833841552986088,0.7788468184248275,0.0005518522595362086,0.023491535912668813,0.018982828743613026,0.8584386719894567,21,378
0.001407763141366828,0.025997862711432125,0.025997862711432125,0.7293340704790604,0.0005176572357308623,0.02275208200870554,0.01812518917307501,0.8763597710182812,21,379
0.0004431327871709369,0.013965183961525879,0.013965183961525879,0.8737446447371903,0.000603308069015393,0.024562330284714294,0.015128317738199443,0.8860285023546838,21,380
0.0008758994368400308,0.016051103586187096,0.016051103586187096,0.8772307893776471,0.0011344040493856125,0.033680915210035675,0.02125265733493482,0.7993367878750932,21,381
0.0007759737239965169,0.02192250378338402,0.02192250378338402,0.8578525655737108,0.0007521360621482008,0.027425099127408835,0.020962700283486724,0.8944375817186475,21,382
0.0013324913976565194,0.026118968082359775,0.026118968082359775,0.7861623764513983,0.00046626848999858504,0.0215932510289346,0.014934657020786961,0.8470165162618457,21,383
0.001166375234919447,0.0267597395285484,0.0267597395285484,0.7926257024753884,0.0008117101017392161,0.028490526526184386,0.02084754360378066,0.8098977253460892,21,384
0.0013888678204649594,0.0247225478543801,0.0247225478543801,0.6690987643188222,0.00019693201608761174,0.01403324681203932,0.009696723405980124,0.9229788535996548,21,385
0.0009973477846822042,0.023163849857299662,0.023163849857299662,0.8456895836817634,0.000791495292534462,0.028133526130481083,0.01915349118728439,0.8567582351149419,21,386
0.000556790431294013,0.012863442247436942,0.012863442247436942,0.8703168581847984,0.0005587947536378752,0.023638839938496883,0.01667668084121131,0.9185943577257106,21,387
0.0009710389083821535,0.02563237270986339,0.02563237270986339,0.833345637581382,0.0001787919155283341,0.013371309417118957,0.01191410646014023,0.9425011761359225,21,388
0.0004763992423697436,0.01399816370343234,0.01399816370343234,0.8651066640397218,0.0014062674366158389,0.037500232487490515,0.0270707885561705,0.8168299272988873,21,389
0.0017722294994267224,0.027287409306296643,0.027287409306296643,0.6479842964223342,0.0020693535648935208,0.04549014799814923,0.04003798540283544,0.6708307080082778,21,390
0.000900468119551937,0.01990431436807831,0.01990431436807831,0.8492300681746181,0.000994994314154793,0.031543530464340754,0.02319677860391826,0.5356647506152309,21,391
0.0007048162285521473,0.02280630894529157,0.02280630894529157,0.8411078592248218,0.0008293210930150535,0.028797935568631538,0.02488477653958825,0.8788670318133502,21,392
0.0007381779737887695,0.01866102272103333,0.01866102272103333,0.8619601521429916,2.2642935377684292e-05,0.0047584593491679945,0.0037323154308589366,0.96527201813534,21,393
0.0024318422507909093,0.034342886559583286,0.034342886559583286,0.4250547307617365,0.0010130864639818226,0.03182901921174799,0.027686582899370996,0.21122264945743496,21,394
0.0009144517396613861,0.021974026143940763,0.021974026143940763,0.8247119720485968,0.0005503876302991909,0.023460341649242683,0.01801814974284857,0.8835275829169261,21,395
0.0008880834886325381,0.017172781483642437,0.017172781483642437,0.866848500684148,0.0007164358644818179,0.026766319591640123,0.022925591044721378,0.8052172754915461,21,396
0.001139461531641748,0.024270483397245853,0.024270483397245853,0.8552615817279379,0.00040537203504804295,0.020133852960823047,0.01495397969243758,0.8160643716021496,21,397
0.00035604185883311587,0.014033456906273131,0.014033456906273131,0.9068736700126138,0.00029881832521681047,0.017286362405573085,0.011406478682983284,0.9602700323390618,21,398
0.0010490526998203804,0.024330273077773402,0.024330273077773402,0.828952896178367,0.00045384778181979283,0.02130370347662098,0.018080813988899155,0.9388492542577229,21,399
0.00029906016255060544,0.011220392432667155,0.011220392432667155,0.9048298019624955,0.0009234750984332833,0.030388733083715144,0.015024545091224894,0.7415163904811299,21,400
0.00044858091460411257,0.013268337179111016,0.013268337179111016,0.9222985999315174,0.000568958764575896,0.023852856528640255,0.020715471535690266,0.76096060550913,21,401
0.0007359976461635172,0.02030112344739884,0.02030112344739884,0.8676327534493111,0.0010148775988388314,0.031857143607656215,0.02384047269723717,0.8294106952987199,21,402
0.0007503414649168033,0.018014226527521614,0.018014226527521614,0.8412910510985352,0.0015216042503344539,0.039007746029916336,0.01910915011401209,0.6794435904966414,21,403
0.0006534731814587038,0.018515146002664695,0.018515146002664695,0.8611067462119553,0.001241255171645632,0.03523145145527831,0.029105012090902316,0.7488397562141448,21,404
0.0006714133557681501,0.01693254341861554,0.01693254341861554,0.8851985261664205,0.0007443584664581863,0.02728293361165889,0.022354735680867505,0.5043146354089583,21,405
0.0004772538137289125,0.01577776170779111,0.01577776170779111,0.9080577670555305,0.004171070218296478,0.06458382319355581,0.04807798749233039,-0.12696647931857652,21,406
0.0015354864716885614,0.03161846513400254,0.03161846513400254,0.7499437969549574,0.0010294839839027992,0.03208557283114639,0.022693860660186648,0.5893964498961695,21,407
0.0005059029535764644,0.014697087137880184,0.014697087137880184,0.8769775175423842,0.0005280066101029367,0.022978394419605055,0.015318860276002386,0.8871793286826279,21,408
0.0014730297893943793,0.02756733686057726,0.02756733686057726,0.7274518524509563,0.0006551484511042979,0.02559586785214164,0.01792781635390331,0.7609293344089367,21,409
0.00021161965856253517,0.0081064557777939,0.0081064557777939,0.9254991588307829,0.0005101249238092653,0.022585945271545872,0.012817005595462836,0.8157501901426656,21,410
0.0010669164360576397,0.02757697085089987,0.02757697085089987,0.8125048691630188,0.00019352414743119316,0.013911295677656815,0.010428621542628287,0.9645645741870825,21,411
0.0012852182214900007,0.02380513818515835,0.02380513818515835,0.8316273453307913,0.0008777623688372755,0.029627054677056164,0.02386058580097176,0.6461497510577248,21,412
0.001559123130727172,0.022783533207558045,0.022783533207558045,0.6222561748493204,0.0003752440562354526,0.019371217210992515,0.015533911094997903,0.9009045354114462,21,413
0.001000695241667939,0.016445107526300913,0.016445107526300913,0.6969886933067744,0.00016632979952448817,0.012896891079810211,0.009568291717725096,0.9794233677781244,21,414
0.00015542091958663752,0.008181828462457463,0.008181828462457463,0.961306829238461,0.0004572214537612149,0.02138273728410876,0.019297703581821913,0.8335609964875945,21,415
0.00045482603157291586,0.015408952925668296,0.015408952925668296,0.8612270271483968,0.00032944518199222824,0.018150624837515325,0.010847630326771779,0.9332026368924679,21,416
0.0008238892512342553,0.019229896951577403,0.019229896951577403,0.7980332066211039,0.0003406310803430978,0.018456193549675887,0.013431679063459654,0.9460543586364507,21,417
0.0009325749505722504,0.01730855576811177,0.01730855576811177,0.7950147290139369,0.000633866442900636,0.025176704369329915,0.021058894514301454,0.8912676916845246,21,418
0.0007088411989356583,0.022681724307412363,0.022681724307412363,0.9135433941016484,0.00016461767032342105,0.012830341785136553,0.009979442416837278,0.9732133732513836,21,419
0.0010315256474392699,0.02735339344320321,0.02735339344320321,0.8584864220202528,0.0015414854475392092,0.03926175553307836,0.03363408335121492,0.7612970437581601,21,420
0.0006614676604410434,0.013553774543854771,0.013553774543854771,0.8877000532061391,0.00026124213722223153,0.01616298664301346,0.012765855915539406,0.9495847070975124,21,421
0.00094969387130785,0.023139589240190415,0.023139589240190415,0.8742911784156648,0.0014649171449030978,0.03827423604597612,0.02927349822060335,0.6955297321785274,21,422
0.002172318663715983,0.034504864905516214,0.034504864905516214,0.5971499116906309,0.0006500892836291103,0.025496848503866323,0.018313819142928695,0.8465945333908076,21,423
0.0013136440273269516,0.026204304772689826,0.026204304772689826,0.7743569384079699,0.0008966838298498505,0.02994467949151987,0.02612724679567528,0.8286349392838498,21,424
0.0011740832454282864,0.025802298187950743,0.025802298187950743,0.6986260106808801,0.0004767578216305509,0.021834784671036965,0.017432783007503488,0.9290368503437875,21,425
0.0009742303321106994,0.02438898075355308,0.02438898075355308,0.8567846293477016,0.0023556682249854747,0.048535226639889864,0.03768513896831229,0.3970047548054123,21,426
0.0007100109261320713,0.015712182225249345,0.015712182225249345,0.7739678529750995,0.0011993253602088614,0.03463127719574982,0.022256525907805542,0.7983694895273488,21,427
0.0009704948147799484,0.026031203994364358,0.026031203994364358,0.8519072734994179,0.000923251516043487,0.030385054155678035,0.020707380843317132,0.6718080864058826,21,428
0.0006247091282729406,0.01394032705331681,0.01394032705331681,0.908719312904232,0.0007887365349170125,0.0280844536161381,0.01982087026023896,0.8851524525103815,21,429
0.0006017041538996406,0.01704411488657588,0.01704411488657588,0.7871807021442258,0.00017578272530131912,0.013258307784227938,0.010511775637741519,0.9456676349296538,21,430
0.001541619360686074,0.029061173818557225,0.029061173818557225,0.5713092825301269,0.0014004067942430998,0.03742200948964526,0.027839951177759944,0.7019315869360634,21,431
0.0021946377113585135,0.025231535053070558,0.025231535053070558,0.2992925412096461,0.00025760889913866006,0.016050199348876016,0.014768712984117117,0.9548142913512923,21,432
0.0005572265177177672,0.01633246950130364,0.01633246950130364,0.8821124284442228,0.000288875113082926,0.016996326458471135,0.013022298303090827,0.9240890903676946,21,433
0.000692104888332537,0.01836122764992412,0.01836122764992412,0.8411509751393342,0.00020874362280790776,0.014447962583281692,0.009488928857007499,0.7402357291811079,21,434
0.0008418781295214801,0.023692200823142044,0.023692200823142044,0.8747974110650162,0.0002953208246389124,0.017184901065729542,0.013800797173288743,0.8438182353651793,21,435
0.0005108918741536494,0.01605064908065065,0.01605064908065065,0.8622872558421755,3.6825479936592374e-05,0.006068400113423008,0.0045129189348315805,0.9938977075353966,21,436
0.0007490114610101334,0.01921594451204605,0.01921594451204605,0.8006827349751876,0.0008882332518707407,0.029803242304667805,0.0210589719254226,0.7728924268533406,21,437
0.001051641254424397,0.023163878918607772,0.023163878918607772,0.7622307159226487,9.55963262227473e-05,0.009777337378997787,0.007076879151314723,0.9781579642363372,21,438
0.000306329041130796,0.01181820809663154,0.01181820809663154,0.9502388190290357,0.0004464087023072389,0.021128386173753046,0.014142520419518507,0.902683896747315,21,439
0.0006240984916912741,0.016228728067027402,0.016228728067027402,0.8910231120734549,0.00017360691997225062,0.013175997873870905,0.009276727177304432,0.9579567516857952,21,440
0.0016808580875471238,0.029656463901893765,0.029656463901893765,0.6493980689625849,0.0007239724894366023,0.02690673687827274,0.023785708074323647,0.9010296941654153,21,441
0.0013765335958641723,0.023533086268127584,0.023533086268127584,0.70620720438148,0.0002927311144034932,0.017109386733705368,0.013577360768281711,0.9250151287299195,21,442
0.0009038776490761679,0.013447733695549219,0.013447733695549219,0.7896071123814905,1.2751141986840329e-05,0.003570874120833767,0.002847845092113239,0.998040196520329,21,443
0.0005738443235935521,0.016783010979301422,0.016783010979301422,0.9096618918495939,0.000577890252259891,0.024039347999891575,0.02157272810916709,0.919266590308599,21,444
0.0006970930045800779,0.017636544589295245,0.017636544589295245,0.8690570944712792,0.002224243610381416,0.047161887264839344,0.028537852631875443,0.7680576016247237,21,445
0.001069667535809058,0.021728839878675014,0.021728839878675014,0.7803543298457876,0.0003295515694482763,0.01815355528397334,0.011945143819818281,0.9068925606098149,21,446
0.0006091062326891895,0.016244305945354778,0.016244305945354778,0.8058395483797223,0.001986229165250807,0.04456713099640594,0.02941318694905638,0.668925766013742,21,447
0.0003513342832473347,0.01346569551348408,0.01346569551348408,0.9365540628187874,0.0019792465184461645,0.044488723497602904,0.032206339219524587,0.6455850532152164,21,448
0.0006568345277879108,0.01977090442748431,0.01977090442748431,0.8130769358538925,0.00044856014790793506,0.021179238605481904,0.019570861760588146,0.8848924849177043,21,449
0.001417177865866999,0.02370299116932471,0.02370299116932471,0.7157324051921339,0.00012702022740908715,0.011270325080009323,0.010116947242967043,0.9532438125495255,21,450
0.0001615848758416467,0.007393031686707326,0.007393031686707326,0.9738499674743821,0.0006121623465822555,0.02474191477194632,0.01608980568774754,0.9088803478478866,21,451
0.0005386064466165493,0.015451032273025946,0.015451032273025946,0.8901943340563938,0.0008923948152142995,0.02987297801047461,0.019099397116060537,0.8182971254129262,21,452
0.0006266628568417844,0.016156569065464737,0.016156569065464737,0.8556665294737267,3.717416785784847e-05,0.006097062231751327,0.005123290357764124,0.9902418970100245,21,453
0.0009454950365024085,0.02450455136685294,0.02450455136685294,0.8546821148617125,0.0004808140304667085,0.021927472049160353,0.019791109580169063,0.8077164570059187,21,454
0.0006776345702114898,0.02107862980180183,0.02107862980180183,0.8375337046649669,0.0005992114934205696,0.024478796813172204,0.016246926368203053,-0.5766902018513218,21,455
0.000498325943276165,0.01649734306509147,0.01649734306509147,0.9108162124305503,0.00016059327238413844,0.012672540092031212,0.009475678718422345,0.9698505205416073,21,456
0.001213458428495636,0.024218420467782966,0.024218420467782966,0.783664039333813,0.0006151847900804021,0.024802918983063305,0.022960736599816123,0.900151693733888,21,457
0.0012844859554110746,0.028840543397259364,0.028840543397259364,0.7497162994306683,0.0007856389304576305,0.02802925133601735,0.02440002006038376,0.8564056213805369,21,458
0.0009348022681484556,0.019425062697981832,0.019425062697981832,0.8399223661122251,0.0005926011719915701,0.024343400994757698,0.01865730772677544,0.7840770782405962,21,459
0.00025550494534923437,0.006671392468346847,0.006671392468346847,0.9324393538278061,0.0006687393596233913,0.02585999535234667,0.015260098800767369,0.784053970694881,21,460
0.0006923898865227524,0.02084915327292749,0.02084915327292749,0.8706408114392692,0.0006066299752382734,0.024629859423843114,0.0189580558931102,0.5261479040150848,21,461
0.0007335799549817048,0.021242422614550827,0.021242422614550827,0.8688801946234995,0.00011005294472504638,0.01049061221879097,0.008040199585121017,0.9574587696839368,21,462
0.00041413439945132426,0.0161294951008402,0.0161294951008402,0.8851794822249872,0.0012986890764270682,0.03603732893025048,0.03363510058987003,-0.1363158258899413,21,463
0.0013243685548293498,0.02674850506451636,0.02674850506451636,0.7766311987467246,0.0008971716092344272,0.02995282305951189,0.02665532011230969,0.7709463028310972,21,464
0.0008508845555108285,0.018782650694610086,0.018782650694610086,0.7975972931587766,0.0011523640087381444,0.03394648742857123,0.02652957484965028,0.7670264567269232,21,465
0.00029188756770094393,0.00987747743792006,0.00987747743792006,0.9083282314658451,0.0011063003816986956,0.0332610941145762,0.02520704419743128,0.8136744718911395,21,466
0.0011704876254140593,0.02481805682797596,0.02481805682797596,0.745019469070723,0.0011453858413234543,0.03384354947879218,0.024936324208631604,-0.653427945377888,21,467
0.0006472224713347783,0.017766489805310034,0.017766489805310034,0.8781164419740017,0.0003900011549473114,0.01974844689962508,0.014020740782718526,0.9412516304336676,21,468
0.000645020818761079,0.019813417088061995,0.019813417088061995,0.8684749386222972,4.442352808703376e-05,0.006665097755249638,0.00549471138840166,0.9868094787018065,21,469
0.0007004775398460091,0.018135758788992356,0.018135758788992356,0.8989100715627021,2.615468347178391e-05,0.005114164982847533,0.004636826027295947,0.9914277651533062,21,470
0.0004203778639806028,0.015999288135649874,0.015999288135649874,0.8936970286760951,0.0007814694745141515,0.027954775522514064,0.022219275722540347,0.03363911602704317,21,471
0.0008597138812982848,0.018206641569018467,0.018206641569018467,0.8194977614818244,0.00017736181010240452,0.013317725410234457,0.012097451708346007,0.9252796554294929,21,472
0.00046726554699714096,0.01506631777305991,0.01506631777305991,0.8545651572534883,0.00045619983341432514,0.0213588350200643,0.012528175760812407,0.8796256124795749,21,473
0.0010230308963236968,0.025775619541337627,0.025775619541337627,0.8747433574939485,0.00027533466772111653,0.016593211495099933,0.013502490388808165,0.8566662705988923,21,474
0.00016177138177864058,0.009086937496850895,0.009086937496850895,0.9650110597487385,0.0002018956735334315,0.014208999737259182,0.00953700220167661,0.9636904639792083,21,475
0.000414149163105074,0.013571534141335872,0.013571534141335872,0.8846698590405171,0.0008710530260140699,0.029513607472047024,0.023132434417107228,0.8023715534231729,21,476
0.0011450333313904302,0.021764783240321963,0.021764783240321963,0.8047956407522934,8.656201707354108e-05,0.009303871080015087,0.008223628146177405,0.9765043649611731,21,477
0.0002900758214652627,0.010048100193792101,0.010048100193792101,0.946377602854988,0.0003457699480992398,0.018594890376101705,0.01140359483556673,0.8729188152671024,21,478
0.002602352466505765,0.027712848241918872,0.027712848241918872,0.4657222961058053,0.00011100956537738635,0.010536107695794798,0.008200481496489886,0.9702419036120155,21,479
0.001037202047183004,0.02254311328858566,0.02254311328858566,0.8488453466179857,0.0003708817154644331,0.01925828952592709,0.014813250848600912,0.8875513832221684,21,480
0.0012991202087985177,0.028274957382522233,0.028274957382522233,0.7402655234796435,0.00036687174713280517,0.01915389639558503,0.016240965903518385,0.17628062586197413,21,481
0.0008287663964393678,0.018986779479958634,0.018986779479958634,0.8730221009000815,0.0008517819006635288,0.029185302819459125,0.019570163202938386,0.8506509635712618,21,482
0.0008579187733698838,0.020417011429085172,0.020417011429085172,0.8681340756021592,0.0010673659005764223,0.03267056627266234,0.02579431877940282,0.7857645125863708,21,483
0.0008730463756355173,0.021771318025996644,0.021771318025996644,0.8172841347631778,9.931401244829326e-05,0.009965641597423282,0.009309622364924693,0.9230773231845225,21,484
0.000622057057785698,0.021020644700737296,0.021020644700737296,0.9351658296532351,0.0007734295990152861,0.02781060227710443,0.02208183967123058,0.8755837188041423,21,485
0.00012575633797478445,0.008008306538388308,0.008008306538388308,0.9727547340695762,0.00027124244793247593,0.016469439818417503,0.011573724050903754,0.885369369212924,21,486
0.0008294241628402645,0.01941641095552355,0.01941641095552355,0.8071140833540218,0.0006927242255007427,0.026319654737491194,0.017867452643807406,0.8829808343936687,21,487
0.0009120880235669163,0.023822993320612926,0.023822993320612926,0.8315774426249143,0.0015937081228537308,0.03992127406350818,0.03594323413123532,0.7566389610678872,21,488
0.0006191592567242092,0.017254795668404082,0.017254795668404082,0.8540095452320535,0.00020870682323486617,0.014446689005957946,0.01077006164803533,0.9633183410961254,21,489
0.0005253350390429773,0.017275551272036574,0.017275551272036574,0.888213061755744,0.00016025642025356993,0.012659242483401997,0.01018820792103447,0.9602479402494746,21,490
0.000567722328718367,0.016837436988055628,0.016837436988055628,0.8071700059705258,6.412860483292694e-05,0.008008033768218447,0.005936099174162504,0.8923516328037059,21,491
0.000494783794364712,0.015746885002782443,0.015746885002782443,0.905212256502618,0.00016059049833445788,0.012672430640349067,0.009217070102885977,0.9117436071282847,21,492
0.0006207608186016097,0.019426614113297387,0.019426614113297387,0.8124705976899356,2.2746846791388405e-05,0.004769365449552844,0.0033387516183555877,0.9683882324532231,21,493
0.0010803742453747425,0.024664810794727834,0.024664810794727834,0.7957675512663138,0.00038294674863485935,0.019569025234662543,0.01622923137079014,0.8504743453219938,21,494
0.0003419637758924549,0.01334987064923039,0.01334987064923039,0.9266530549893282,0.0015138527228036644,0.03890826034152214,0.023821688304004125,0.8452509887235904,21,495
0.0016136652528589489,0.02142193472901142,0.02142193472901142,0.49486136142516735,0.0013530364381911292,0.036783643623098695,0.023422313189576452,0.8283850184608437,21,496
0.000739919955474788,0.017906741835580872,0.017906741835580872,0.8743861147444221,8.582486712198989e-05,0.009264171151376139,0.005052935279100533,0.9816400917384157,21,497
0.0012595143526286715,0.02860592623928739,0.02860592623928739,0.7337199622932205,2.602628895095715e-05,0.005101596706028138,0.004230702525033718,0.9867922396424098,21,498
0.0007886606081645695,0.01819703698740831,0.01819703698740831,0.8598565575387509,0.0004354705726095899,0.02086793168020228,0.02036552425635625,0.9099673726270578,21,499
