,mse cv train,rmse cv train,mae cv train,r2 cv train,mse test,rmse test,mae test,r2 test,seed
0,0.007385366326117562,0.07960325722297469,0.07960325722297469,-0.8140146322172495,0.01602590317274162,0.12659345627931018,0.10824978504202669,-0.7029713819175447,21
1,0.004884383672704402,0.0611291613367732,0.0611291613367732,0.08310287394664073,0.008730465850269263,0.09343696190624598,0.07155757080575688,-1.0837117110490802,21
2,0.006527051955482015,0.06707171084893154,0.06707171084893154,-0.404844480885332,0.014322661329067768,0.11967732169909122,0.09335769415575117,-0.8750029210213894,21
3,0.015343122186764853,0.10979770969181751,0.10979770969181751,-1.5485643821442427,0.003967602421874876,0.06298890713351737,0.04712002533742676,-0.2835359652983198,21
4,0.005970637174651541,0.06779095806170782,0.06779095806170782,-0.6381214671942397,0.012488765787699209,0.11175314665681324,0.09316959593411585,-1.0331986026839726,21
5,0.010437666239148553,0.08226135498311879,0.08226135498311879,-0.9096250193460773,0.005177204052439349,0.07195279044234038,0.06635034798342546,-0.10024810046911048,21
6,0.005463210478891436,0.06178439131188968,0.06178439131188968,-0.11435705688031894,0.011904410083788475,0.10910733285984253,0.10047895605540923,-8.092431282146874,21
7,0.004259242837043697,0.055985805528469754,0.055985805528469754,0.19555488217264339,0.0011177921182953239,0.03343339824629444,0.0290670327660509,0.8038312119848154,21
8,0.013149809658984355,0.08308444171135072,0.08308444171135072,-1.0998613408957012,0.004821078244994065,0.0694339847984693,0.049580523380936936,-0.700990151827324,21
9,0.007676641155529351,0.07168151216336902,0.07168151216336902,-0.7770893042197353,0.006048354183242397,0.07777116550009004,0.06652978863987705,-0.1751636098514433,21
10,0.00424207202538724,0.05303821606841799,0.05303821606841799,-0.08180335571898323,0.011953018847033281,0.10932986255837553,0.09004582825520924,-5.132858492416186,21
11,0.006507948376282647,0.06577078989124087,0.06577078989124087,-0.29245459157006626,0.003525701875740469,0.059377621001017455,0.04960232150552236,0.45642512221804865,21
12,0.006558233503256028,0.06551008685269438,0.06551008685269438,-0.17993773815487257,0.006818804986418962,0.08257605576932675,0.06560409140520036,-0.3782806936185412,21
13,0.01903272996232447,0.12014456559220618,0.12014456559220618,-2.5626682685655666,0.009813041973223953,0.0990607993770692,0.0849038838561343,-0.764296116953737,21
14,0.00776989966695427,0.07331152627780291,0.07331152627780291,-0.9386056394929609,0.01080040846421026,0.10392501365989931,0.08019949821009469,-0.2492629084215734,21
15,0.01047965121056691,0.08785304416925589,0.08785304416925589,-1.3242307014431325,0.010527395428059453,0.10260309658124092,0.08100509085499365,-0.5138760060106109,21
16,0.016187061555136786,0.10118685007356021,0.10118685007356021,-1.924055012343174,0.006529939495352035,0.08080804103152132,0.07155633726921296,-1.316720546692904,21
17,0.009645751804728694,0.08190350448501774,0.08190350448501774,-1.0387825076752426,0.00852316574597668,0.09232099298630123,0.08126907661749626,-0.4062165486329832,21
18,0.016525231574701024,0.11288124599914529,0.11288124599914529,-1.8100277812176393,0.006694764808429995,0.08182154244714526,0.07190906408392293,-2.702444166429392,21
19,0.010549567285971374,0.08643506678648855,0.08643506678648855,-0.8941511338980415,0.007872552229284771,0.08872740404905788,0.06985183724417308,-0.9237781755178911,21
20,0.006381435213991902,0.059634996030264315,0.059634996030264315,-0.1558210175368866,0.008507628613053623,0.09223680725748058,0.08256938502588114,-0.7836490931626241,21
21,0.005275413798177059,0.06225797013322275,0.06225797013322275,-0.050028393651395,0.011338357920783762,0.10648172575979299,0.08877950175596117,-0.7585439131097742,21
22,0.006865695859479027,0.0684164020878734,0.0684164020878734,-0.1951607638298185,0.012018205335232707,0.10962757561504635,0.10452804878789068,-1.7437110087087233,21
23,0.011870464035512798,0.09499641643697332,0.09499641643697332,-2.3292088588808104,0.012596654335258998,0.11223481783857894,0.10952834879867861,-0.1748812130658013,21
24,0.017969742813197714,0.10991347927000009,0.10991347927000009,-2.047810700991984,0.006321130521697401,0.07950553767944345,0.06602707166766346,-0.9585184713631467,21
25,0.007700233599624361,0.07116412698533192,0.07116412698533192,-0.5411289746130403,0.015477133728020535,0.12440712892764841,0.10421478832107899,-1.84741554307598,21
26,0.009808131562949835,0.07967178619288345,0.07967178619288345,-0.7028287138678542,0.006035383256199014,0.07768772912242328,0.05954638480147267,-0.5934949544570163,21
27,0.013291081999948273,0.0986903950027258,0.0986903950027258,-1.112132613527546,0.0009593074399682011,0.030972688613812673,0.02339010519288089,0.6336945811588495,21
28,0.007978953737423224,0.07020506232534757,0.07020506232534757,-0.2592592374757432,0.0031448183439719978,0.056078679941418005,0.0480531668476059,-0.25163649064233695,21
29,0.007388702068791957,0.06697562856721813,0.06697562856721813,-0.48028621745467737,0.005516667729464227,0.07427427367173796,0.06723733268181815,-0.06980836249167344,21
30,0.008597478967120526,0.0794540705941616,0.0794540705941616,-0.6965416162781337,0.006323534417274242,0.07952065402946736,0.06806479595597524,-0.03267024636264093,21
31,0.007024304229190245,0.07162934060281084,0.07162934060281084,-0.5382031196518484,0.012037782123227161,0.10971682698304377,0.10410291995164221,-0.6676339450870081,21
32,0.008773870767297062,0.07657942440850306,0.07657942440850306,-0.7083564381399594,0.009971718552494301,0.09985849264080798,0.08495365826094621,-0.8996287615076906,21
33,0.006698973017376401,0.06232586149799283,0.06232586149799283,-0.08187330155134687,0.004365069759397558,0.0660686745697048,0.05599175227724388,-0.48313506843339327,21
34,0.009606423907721253,0.08143660019314035,0.08143660019314035,-0.9622120539766639,0.013097441534056897,0.11444405416646554,0.1024118025950748,-5.238005401016449,21
35,0.003555525121141341,0.05090234119297096,0.05090234119297096,-0.17041454724268035,0.011797218810495884,0.10861500269528093,0.10285533171102995,-0.3071112493505028,21
36,0.012628924729061556,0.09334057899426074,0.09334057899426074,-1.7154465266982424,0.0033822598360592412,0.05815719934848343,0.05133829436468962,0.5581650121135235,21
37,0.006961366926644318,0.07336391162919394,0.07336391162919394,-0.18758883199039467,0.012499983190501754,0.11180332370060272,0.08539004905128951,-2.14607346046247,21
38,0.012268970023497241,0.0948449364314597,0.0948449364314597,-1.0712103756997133,0.0022962588360072736,0.0479192950282793,0.03876583711157189,0.40057064262299313,21
39,0.013923878380017237,0.08637985136020088,0.08637985136020088,-1.1270236702097431,0.006849761810904069,0.08276328782077273,0.07684253037529941,-9.053387412085597,21
40,0.012360872840725338,0.10093757001538388,0.10093757001538388,-1.1070685505450677,0.007322774196907109,0.08557320957465081,0.07662793290675161,-1.299319828320205,21
41,0.00684199006919379,0.05980756131839619,0.05980756131839619,-0.16157682791844863,0.006670303036120256,0.08167192318122707,0.07018398519283074,-1.4803411809544582,21
42,0.014097146439255094,0.10060826536242709,0.10060826536242709,-1.252973513185788,0.006016386078054315,0.0775653664856572,0.06917747844521802,-1.1084209435432744,21
43,0.007165240453970805,0.07410246926707764,0.07410246926707764,-0.43578043771654773,0.016293045319350122,0.12764421381069382,0.10204816783224942,-1.56106024606528,21
44,0.007399715947555349,0.07000841377022908,0.07000841377022908,-0.5125578945550238,0.00805478669908141,0.0897484634914794,0.07534786487776929,-0.500073633812532,21
45,0.004962916699182848,0.05977503227920013,0.05977503227920013,0.14543335001329272,0.004711003784044973,0.0686367524293288,0.05759846316084119,-0.12142870052745214,21
46,0.006759753860695054,0.0698458415484357,0.0698458415484357,-0.30374015602720994,0.007277134984511438,0.08530612512892283,0.07737675245299609,-0.34636457459373315,21
47,0.009593046130092212,0.08624085604393046,0.08624085604393046,-0.7899324505742056,0.008830098845308844,0.09396860563671701,0.08147519346194798,-0.6937948696814593,21
48,0.006124465041402122,0.06798020279278208,0.06798020279278208,-0.5390037046822287,0.011473413674373122,0.10711402183828746,0.09139542332172357,-0.18538809195041317,21
49,0.016195186127224866,0.09070491323592206,0.09070491323592206,-1.6643099534652617,0.0043942745452293114,0.066289324519332,0.05990998191502184,-0.31704798358024866,21
50,0.014652419480246506,0.09556424661550375,0.09556424661550375,-1.7283333626123207,0.009664054395182597,0.09830592248274056,0.08667847250092699,-0.8865107534732521,21
51,0.009018243159999594,0.08133556917497131,0.08133556917497131,-0.4780780122901169,0.008638521137440775,0.0929436449545679,0.08994445646985978,-1.7821624007546504,21
52,0.006546519773699419,0.06577605244531234,0.06577605244531234,-0.18392893062094484,0.007090731738809763,0.08420648275999754,0.06965054734635452,-0.46103359118033405,21
53,0.010523109536485711,0.08643117757086866,0.08643117757086866,-0.7962825066167771,0.006527027788275549,0.08079002282630912,0.06101540728665857,-0.6289877787392832,21
54,0.02433868505471963,0.1295230636823658,0.1295230636823658,-3.312256247890124,0.008422735033312123,0.09177545986434567,0.06985403178929084,-0.796323638079226,21
55,0.01153037664451642,0.084130587205161,0.084130587205161,-1.0059583134764605,0.016521997674412908,0.12853792309825496,0.10586952980040565,-2.9200396282863443,21
56,0.007567348312755886,0.06679460728056316,0.06679460728056316,-0.5786119963939136,0.011500919035068736,0.10724233788513161,0.10046051374471927,-0.603933041218808,21
57,0.028596482105951577,0.1322212190149428,0.1322212190149428,-4.525579591595285,0.008410359385633729,0.09170801156733106,0.08245117698962486,-0.5513846571724612,21
58,0.007089011641696226,0.06661921887020668,0.06661921887020668,-0.20391334812098183,0.00797538964165038,0.08930503704523267,0.07604428352490837,-1.8448065957638446,21
59,0.011737903762775666,0.0847369927156502,0.0847369927156502,-1.3830984940874087,0.005847573143495166,0.0764694262009018,0.059590493539492105,0.12794167831183145,21
60,0.011283471790127762,0.08242309536884343,0.08242309536884343,-0.8713961766904643,0.00643016732521072,0.08018832412022787,0.06995080132163799,-0.9135000204541961,21
61,0.00582935314574582,0.061994842044879025,0.061994842044879025,-0.0474516847664781,0.009382562413434157,0.09686362791798662,0.08740339585679162,-1.0694120077657558,21
62,0.012160321250704174,0.09902723416791827,0.09902723416791827,-1.036038820051259,0.0056778387962060735,0.07535143526307958,0.06851031507443722,-0.5322166219389519,21
63,0.005413259471919375,0.06511278847241672,0.06511278847241672,0.08468253314237761,0.0079029610074066,0.08889859958068293,0.07704596110217661,-1.2907271939170806,21
64,0.019162581409782067,0.1251400828901187,0.1251400828901187,-2.883237552661508,0.009583597224681302,0.09789584886337777,0.08138805649863162,-0.44342395234096577,21
65,0.005730744522107017,0.0697986359356081,0.0697986359356081,-0.022359639196454006,0.010424727913478003,0.10210155686118602,0.09591333724264976,-1.1767170415721702,21
66,0.013712856894814586,0.09746662339687824,0.09746662339687824,-1.3358581744788038,0.008576657342093324,0.09261024426106068,0.08633996147995836,-1.137969951076427,21
67,0.0066148532124531145,0.06484605100136118,0.06484605100136118,-0.5157515204182714,0.015535037641157365,0.12463963110165789,0.08854134709099394,-1.8406995305098808,21
68,0.01476305810729863,0.09604431764278122,0.09604431764278122,-2.3767418195824987,0.010763471560782148,0.10374715206106695,0.08598328739506944,-1.1289055004607076,21
69,0.0024927574885810194,0.0423808629475439,0.0423808629475439,0.5362730372051833,0.014288936891208899,0.11953634129924212,0.11072063747902806,-1.9056336413433668,21
70,0.008392130303952838,0.07601053623487433,0.07601053623487433,-0.6741233758123166,0.007545696935723953,0.08686597110332649,0.07178662761236221,-0.181308799860447,21
71,0.007175512089404192,0.07315245301674034,0.07315245301674034,-0.16981390033834454,0.0035516710678690495,0.059595898079222276,0.0481860308932614,-0.6546183284625837,21
72,0.00982614865701379,0.07984058268182724,0.07984058268182724,-0.7071095205908817,0.009199139473937372,0.09591214455916088,0.08072722029326344,-1.111275685127742,21
73,0.010273864108963469,0.08811711317379266,0.08811711317379266,-0.6563393156197883,0.005387086633797811,0.07339677536375704,0.06103133067988503,-0.9886162514889945,21
74,0.006237283863601896,0.06180335988889724,0.06180335988889724,-0.3101399338127331,0.008110543884588966,0.09005855808633051,0.07002886355030608,-0.11676811265661824,21
75,0.009030253340497237,0.0865055365769253,0.0865055365769253,-0.7280311013925576,0.00869098477033378,0.0932254513013146,0.07690976850635611,-0.4795561254756011,21
76,0.022650565284411082,0.11807945858177085,0.11807945858177085,-3.3988844360238044,0.011012666705863048,0.10494125359391819,0.07995935603060454,-1.3125017598387467,21
77,0.012348730160587303,0.09277437724106478,0.09277437724106478,-1.1827671343184991,0.007521217709430399,0.08672495436395686,0.07209716037218461,-0.8244959114493535,21
78,0.010372572694312004,0.08606003468593228,0.08606003468593228,-0.8449108654500388,0.014291419102333168,0.11954672351149222,0.09987324716615797,-4.993184620845952,21
79,0.010944482789875063,0.08424002564585986,0.08424002564585986,-1.2744520965742057,0.007628652453949086,0.08734215736944609,0.0773044196355528,-0.17727202218596183,21
80,0.002891504684766754,0.04172416237474765,0.04172416237474765,0.5007070234829922,0.0088569333484842,0.0941112817279852,0.07104901095423106,-1.8885321196931009,21
81,0.015737678015087284,0.10175453416323904,0.10175453416323904,-1.7537638758983691,0.012745173234115906,0.11289452260457947,0.0917761586512147,-3.0356638445492505,21
82,0.006308229571188473,0.0583980335093133,0.0583980335093133,0.01482443915844378,0.0047987490219551805,0.06927300355806135,0.06291249227858996,-0.9907557784738295,21
83,0.009358987123853128,0.07998919130182033,0.07998919130182033,-1.2153914721127128,0.012726113871618705,0.11281007876789513,0.08529964386537155,-0.6193591219236496,21
84,0.006263030219534966,0.06591139683781294,0.06591139683781294,-0.1777459784894888,0.0038589360416536253,0.062120335170164895,0.04830180652927855,0.3172027832459441,21
85,0.010441799993309176,0.0895555748212235,0.0895555748212235,-1.715094876423116,0.015376246142542281,0.12400099250627908,0.10383762488422327,-1.7292478735463472,21
86,0.007938968786605358,0.07267475299541314,0.07267475299541314,-1.1410704846103377,0.012524982777307967,0.1119150694826571,0.1013963406389859,-0.4216825425770441,21
87,0.008112369682802913,0.07344372219969121,0.07344372219969121,-0.4832719725408994,0.014670538650459886,0.12112199903593024,0.11125045664800638,-1.8187475600147232,21
88,0.0067934713616791854,0.06275656467360358,0.06275656467360358,-0.46989008617402495,0.011481044786954607,0.10714963736268363,0.09065587112436152,-0.5442527458343189,21
89,0.011680067784825407,0.09236358566362292,0.09236358566362292,-1.4156635315813717,0.006966102372130925,0.08346317973891795,0.07714164021927272,0.014700298279639257,21
90,0.008247472980448874,0.0751166504075673,0.0751166504075673,-0.3707241863637567,0.0070217080600929495,0.08379563270298131,0.07850990491169241,-0.964787119896086,21
91,0.011131346277362716,0.08517292533127528,0.08517292533127528,-1.2795971795679053,0.009569101967094698,0.09782178677112117,0.08468284582520758,-0.4687383080121985,21
92,0.013667166805259572,0.09374945252557682,0.09374945252557682,-1.8866884543621496,0.006087740613487297,0.07802397460708661,0.06490192057268761,0.16516605208698298,21
93,0.015858415455989306,0.1052204069242356,0.1052204069242356,-1.8213448256814675,0.0026407396097240174,0.05138812712800513,0.0453036110880255,0.3484278820511544,21
94,0.012165302376332407,0.09061969690094483,0.09061969690094483,-1.608579415599825,0.005194541521671767,0.0720731678343041,0.06753530544006398,0.08888197409411469,21
95,0.0076874335017742094,0.07204300818757607,0.07204300818757607,-0.7761516487978013,0.011475059306850987,0.10712170324845935,0.09703555700903506,-0.9183275586687489,21
96,0.008992174593272225,0.08013251166483101,0.08013251166483101,-0.5046167070387155,0.006825559250594582,0.08261694287853177,0.06593668051404872,-0.9436719669957752,21
97,0.01868127646611513,0.11916045220782528,0.11916045220782528,-2.147339219643209,0.008362874798265679,0.09144875503945189,0.0732501486391365,-1.4551664586499786,21
98,0.00609835430235481,0.0706501518187409,0.0706501518187409,-1.1538360580073124,0.02272895993322216,0.15076126801410952,0.14531998461734238,-1.3011621852715525,21
99,0.008027986818895865,0.07502016839979594,0.07502016839979594,-0.6019419604306269,0.011049111964253339,0.10511475616797739,0.08401930903621473,-0.6948280216016263,21
100,0.007811860959656572,0.07625776970263787,0.07625776970263787,-0.4400176998375036,0.004590901641525881,0.06775619264337306,0.056264551444517696,-0.11140829528987983,21
101,0.01878159736148785,0.11747040904600681,0.11747040904600681,-2.0718106862998167,0.0043455341168886965,0.06592066532498513,0.0650434749765105,-0.3303375730673461,21
102,0.00639722612966194,0.06332903152771681,0.06332903152771681,-0.15889236474227553,0.007029152851225819,0.08384004324441764,0.07028722379010453,-2.699728164890705,21
103,0.010342054138175634,0.0863070994737582,0.0863070994737582,-0.9795959749574934,0.005554882566967462,0.07453108456857087,0.05784460241411821,-0.2686662152400161,21
104,0.01099736523875862,0.07641613780721675,0.07641613780721675,-0.8705379009071246,0.0034276180066628898,0.058545862421377735,0.053202742903301875,-0.1578051485408618,21
105,0.007606436841418292,0.07807265078122641,0.07807265078122641,-0.5306018247975066,0.0064034847694896145,0.08002177684536638,0.06586475792069642,-0.16970388007165904,21
106,0.008418176948125125,0.07425174966331247,0.07425174966331247,-1.4624133042950995,0.01575616151367053,0.1255235496377892,0.11484293518710438,-3.4309593787161443,21
107,0.010177540549153201,0.08758224872038946,0.08758224872038946,-0.6665106701578514,0.004571477323062061,0.06761270090051173,0.057519670594901685,-0.5468267932614856,21
108,0.018184847251662084,0.1167429450610243,0.1167429450610243,-2.0898455759932735,0.0048736976882609,0.06981187354784929,0.05804555992255863,-1.2898318930051276,21
109,0.006314355956180123,0.06695527830181641,0.06695527830181641,-0.27328193078411966,0.007338611080930779,0.08566569372234593,0.07390421405089183,-0.09939470974558695,21
110,0.006090935517740743,0.0630339394463117,0.0630339394463117,0.03657379915059089,0.0075439494271832405,0.08685591187238345,0.07115749012916701,-3.9382904070430556,21
111,0.010236834862290498,0.08406615453508952,0.08406615453508952,-0.7452706183192841,0.00793633184687431,0.08908609233137521,0.07910051657646262,-3.872167012659376,21
112,0.028184830603220263,0.13801064340221275,0.13801064340221275,-5.020519592492772,0.009132063005251063,0.09556182818077029,0.0851359272209526,-0.20634881730076016,21
113,0.007137271282142522,0.06825676056440273,0.06825676056440273,-0.4020630331771693,0.006977690158930288,0.08353256945006712,0.06627781584891841,-0.09862857498680677,21
114,0.006676985852709676,0.06718103349658584,0.06718103349658584,-0.24336609160600076,0.011861730106369895,0.10891157012168126,0.09176555528686263,-1.1692745772962354,21
115,0.012876112157820346,0.0962115988130721,0.0962115988130721,-1.9688435477389028,0.012280226040496832,0.11081618131165155,0.08274245351077751,-1.1777523457822086,21
116,0.013756595706361797,0.10457785949151045,0.10457785949151045,-1.300757505172896,0.0066949646503546,0.08182276364407769,0.07811685331351782,-0.856924261416893,21
117,0.008054197325048989,0.06758642375564695,0.06758642375564695,-0.37250511189461744,0.004262731686872114,0.06528959861166336,0.05439110547948008,-0.06023423479909962,21
118,0.007567686587702909,0.07522006987331338,0.07522006987331338,-0.3964330056960583,0.0037662375255567006,0.06136967920363199,0.05218765676961234,0.2980440295639383,21
119,0.006476552753209768,0.06784396071367718,0.06784396071367718,-0.1046387800465085,0.004368641501677603,0.06609569957022622,0.049669131140153866,-0.09307929727254094,21
120,0.01131792179949533,0.09282243530192315,0.09282243530192315,-0.7774347429982296,0.005939978521753049,0.0770712561319267,0.07392979310819964,-1.407986418394267,21
121,0.0082805153361521,0.07125441613161534,0.07125441613161534,-0.7117923036425047,0.010559234208398645,0.10275813451206013,0.0963320806871601,-0.6721509280246536,21
122,0.009298715640451826,0.08221083073717018,0.08221083073717018,-1.036930081992713,0.009063660086407662,0.09520325670063846,0.08657705651253413,-0.25014698785178946,21
123,0.008293659787082863,0.07385471561612106,0.07385471561612106,-0.5512478341222837,0.005729888859482544,0.07569602935083547,0.06403340204044335,-0.05045076978563601,21
124,0.008376179917974813,0.07921520777444672,0.07921520777444672,-0.8193639856202533,0.010170777330677736,0.10085027184235913,0.0888816085299513,-0.8537915231331001,21
125,0.005132323052514975,0.06558457974220722,0.06558457974220722,0.0700345037521185,0.00425554761036065,0.06523455840550045,0.06320193782079074,0.15340225970929056,21
126,0.0120369076619914,0.09916974860611279,0.09916974860611279,-1.0579122738352678,0.0058144628184812405,0.07625262499403702,0.06795985134129329,-0.6196526367876527,21
127,0.006970204581058752,0.07343280426616301,0.07343280426616301,-0.4237368222574287,0.00785064644445169,0.08860387375533696,0.07986128693137241,-2.739079483166142,21
128,0.019791980272513523,0.12118655741654161,0.12118655741654161,-2.455246429708783,0.005978439563146239,0.07732036965215724,0.06548088951790486,-0.4121473269012059,21
129,0.015128769962043364,0.09999426391485772,0.09999426391485772,-1.8604736224234384,0.013368706482543789,0.11562312261197494,0.0858059820866917,-1.3837702395607367,21
130,0.00969597591848984,0.08262201864553115,0.08262201864553115,-0.5179088279925055,0.008200440861450527,0.090556285598795,0.07257910605030159,-4.190552311470849,21
131,0.011322722798176608,0.08709391717879862,0.08709391717879862,-2.048639824278897,0.012428408846075429,0.1114827737638216,0.08995723742401647,-1.643719578343187,21
132,0.006997421566984852,0.0706479388119529,0.0706479388119529,-0.12045409250015204,0.005117743701736586,0.071538407179197,0.06739081669217185,-0.9649817796868472,21
133,0.0153342049078952,0.09224185920960276,0.09224185920960276,-1.4467820290623585,0.0021654338495501833,0.04653422234818353,0.039508393566680254,0.07735169059893066,21
134,0.012224988052176512,0.09473929345707786,0.09473929345707786,-0.9645843635804492,0.011112811992350998,0.10541732301833033,0.08777841786563546,-3.40194981131038,21
135,0.014293872528180747,0.09360921083614106,0.09360921083614106,-1.3846832194396903,0.0064465324960624884,0.08029030138231198,0.07096578064200043,-8.329129391594304,21
136,0.004842714443281829,0.05659759043543073,0.05659759043543073,-0.16734146182773557,0.013987498855479506,0.11826875688650619,0.09863292648353215,-0.630383959019919,21
137,0.005089469799426866,0.05968563008628967,0.05968563008628967,-0.23277942348301828,0.009068284105469834,0.09522753858768919,0.07791678041012975,-0.4272654027612792,21
138,0.007929816877600077,0.0764839943687707,0.0764839943687707,-0.5623739260435514,0.012886863644163027,0.11352032260420611,0.08653491131869208,-1.0163197388841931,21
139,0.010296040204009071,0.08355035705338423,0.08355035705338423,-0.6838958456602193,0.008817568960885003,0.09390191138036011,0.07843442462440041,-2.1962767598411688,21
140,0.009361183854724883,0.07569209106464088,0.07569209106464088,-0.9317559730976557,0.007707952600476707,0.08779494632652102,0.07669574991335058,-0.3284099251636132,21
141,0.012400643437299842,0.09533042816817888,0.09533042816817888,-1.1334572022315905,0.010064769592458224,0.10032332526615245,0.08895723833023171,-2.1943709488809073,21
142,0.013615524377789437,0.09792766616376669,0.09792766616376669,-1.2471954508744303,0.008143944216020558,0.09024380430822139,0.07939981061893674,-1.5676124830352491,21
143,0.01205174419926513,0.08882060636034433,0.08882060636034433,-1.6489838136664265,0.009261143796361943,0.09623483670876126,0.08173674997919239,-0.26893847911173974,21
144,0.012410053495256562,0.08817885752254984,0.08817885752254984,-1.01717362867014,0.004568064187698724,0.06758745584573164,0.05906895307386123,-0.5105964631493087,21
145,0.005501888570895511,0.06268683887439283,0.06268683887439283,-0.19082601890199302,0.019016172818247735,0.1378991400199716,0.09686389143063634,-2.8374406225946656,21
146,0.014647751232253295,0.0925004224847788,0.0925004224847788,-1.607657508112077,0.005368127749935683,0.07326750814607853,0.056888187688173636,-0.1255663496895083,21
147,0.006194592278740642,0.06442093810253319,0.06442093810253319,-0.05619856613507279,0.007619643677317802,0.08729057038029825,0.05934150513659875,-1.1734055975220463,21
148,0.008637840912874376,0.07934678689819179,0.07934678689819179,-0.6020766023869963,0.004764730983852747,0.06902703082019931,0.06222372670183629,0.050908038005069045,21
149,0.006849302273629022,0.07499578145310346,0.07499578145310346,-0.5782607300526306,0.012442084760028024,0.11154409334441705,0.08767036806721547,-0.5201107105561289,21
150,0.014172325436792008,0.09871443893190476,0.09871443893190476,-1.3466341960636954,0.0068926626781270995,0.08302206139410837,0.07300448188915439,-0.9745311061563195,21
151,0.006688219572188939,0.05893839359258827,0.05893839359258827,-0.38788317686201257,0.016372034932493756,0.12795325291876622,0.11096547769840658,-1.4874691042941772,21
152,0.009028849303734434,0.08352374349506614,0.08352374349506614,-0.6217074399995677,0.005954180856523654,0.07716333881140483,0.05961578563100652,-0.23270601364158794,21
153,0.007091151415071221,0.06602068192327394,0.06602068192327394,-0.18895459932609482,0.009782017148935522,0.09890408054744518,0.07986925011504904,-1.640094840149207,21
154,0.01025868045986491,0.08182449565560039,0.08182449565560039,-0.7948882563569357,0.00585169928238763,0.07649640045379671,0.07053475346480273,-0.4044565860151863,21
155,0.00550047533089747,0.060697872217423364,0.060697872217423364,0.05000338036621965,0.0031869497317303895,0.05645307548513535,0.044831837192439855,0.24109765151051465,21
156,0.00661191487298696,0.06288812489380133,0.06288812489380133,-0.3664145221477457,0.015109034668154733,0.12291881332064157,0.10010019754277318,-1.9087460741692848,21
157,0.01616399866059252,0.10239557624463266,0.10239557624463266,-1.5229939404774329,0.0020799500935911245,0.04560646986548207,0.03798425203303834,-0.3055516962873879,21
158,0.008008472014411133,0.07300707691801932,0.07300707691801932,-0.6153034970915974,0.016379613235140145,0.12798286305259834,0.09539437504509708,-1.5123780574868673,21
159,0.00807421152288062,0.06703846558260922,0.06703846558260922,-0.5763021812323994,0.006583881283554826,0.08114111956064463,0.07553985396854905,-0.11759110112904803,21
160,0.011822747712361312,0.0854711377884865,0.0854711377884865,-1.1136037109220336,0.005070608637811987,0.07120820625329631,0.06894493358930041,-0.10911516160306234,21
161,0.013038911061221063,0.09185462136382819,0.09185462136382819,-1.2164858254945394,0.0027533499806954805,0.05247237349973299,0.04926535616274816,0.30772439935150764,21
162,0.004327237215016578,0.05177788679430059,0.05177788679430059,0.10534912484933823,0.00884697796294194,0.09405837529397337,0.07751693918495983,-0.27192533319174306,21
163,0.020047987159505495,0.11950007877084194,0.11950007877084194,-2.5514557318280957,0.007429783469306023,0.0861961917331968,0.0747704801564745,-0.5886355790849609,21
164,0.006186753804051845,0.06931754940664735,0.06931754940664735,-0.3640330071503022,0.005156251702127311,0.07180704493381768,0.06377117145087134,0.1922610082363494,21
165,0.0037612043560347583,0.05508201566362761,0.05508201566362761,0.05825080244497727,0.007492912786866399,0.08656161266327239,0.07486737568343209,0.22044525381838131,21
166,0.01652591074706348,0.09635732019994314,0.09635732019994314,-1.9813215851774544,0.0053923288005795445,0.07343247783222043,0.061412790301162534,-0.7661950405496167,21
167,0.012693232828839022,0.09819296570417334,0.09819296570417334,-1.4078983480344847,0.009745840929504928,0.09872102577214709,0.07821545933271368,-0.6790501996757747,21
168,0.007865373475937146,0.07002989650510864,0.07002989650510864,-0.23864715727737051,0.002336492472770515,0.04833727829295434,0.035729966290355804,0.0792447716379987,21
169,0.013315053626830784,0.09357792362485104,0.09357792362485104,-1.5258365298602579,0.01061400844019414,0.10302430994767274,0.10120177880157717,-2.9226795905412133,21
170,0.008456368859786723,0.06955404000666078,0.06955404000666078,-0.680085898797022,0.014433812629173285,0.12014080334829332,0.09782842836377918,-1.947243138160693,21
171,0.010160861045599911,0.07797967299937364,0.07797967299937364,-0.7035048287716898,0.011301694890989906,0.10630942992505371,0.09383314642761705,-2.1576344592571597,21
172,0.015477712498477172,0.10026003968108942,0.10026003968108942,-2.090305490069306,0.013343511780572451,0.11551411939919921,0.10083038822582603,-1.0796077242561206,21
173,0.010988570838995076,0.08460905155799037,0.08460905155799037,-0.9341126372453812,0.007707988388724361,0.0877951501435265,0.07264821881666379,-0.8622524068689643,21
174,0.0069422371522380386,0.071195220929112,0.071195220929112,-0.44062034157372665,0.012986309498088792,0.11395748987270996,0.10969620375877653,-31.97736975880953,21
175,0.007151044320729091,0.0650142957608844,0.0650142957608844,-0.1266887386086497,0.002909894789614663,0.05394344065421358,0.04675423049690858,-1.0849400820095103,21
176,0.008950415458926048,0.08272713169996797,0.08272713169996797,-0.38764731466324465,0.00433003984490682,0.06580303826501342,0.05692729058263413,-1.7504681454673099,21
177,0.014070915656433591,0.10982184074907708,0.10982184074907708,-1.4724038203943595,0.0075495394271680475,0.08688808564566287,0.0737566404141957,-0.7722733037088205,21
178,0.012012989756631471,0.0981552081076072,0.0981552081076072,-2.5397281052913767,0.013828217085416069,0.11759343980603709,0.09968585350603192,-1.2730269091992237,21
179,0.008640006293174149,0.07995568449095557,0.07995568449095557,-0.7164912976049167,0.00851123012862728,0.09225632839338059,0.0603867497114979,-0.30591173379684133,21
180,0.006946722834534698,0.05798830673519092,0.05798830673519092,-0.3651322650120328,0.008077348458789851,0.08987407000236415,0.08427660012696592,-0.5503512105468711,21
181,0.006153787467989461,0.06839033588525156,0.06839033588525156,-0.03216492313601482,0.0065836770081287715,0.0811398607845045,0.07240547766761861,-3.640543033380313,21
182,0.007666150776324983,0.07594634255223372,0.07594634255223372,-0.5011404654091296,0.005963569244977321,0.07722414936389602,0.052222728750067754,0.03430614880170657,21
183,0.012763210779057066,0.09762568456345017,0.09762568456345017,-1.363233398167035,0.007797297622700608,0.08830230813914554,0.0860349407392031,-0.5452296689498346,21
184,0.010155305257731362,0.08041639885841435,0.08041639885841435,-0.8799400198925942,0.007822460972528315,0.08844467746862054,0.06321591285186386,-0.44376379164366986,21
185,0.007609939492916807,0.07737447342173959,0.07737447342173959,-0.814166337387805,0.006225943927782404,0.07890465086281293,0.07054475250675718,0.14037480145987102,21
186,0.00783094919916208,0.07968710861698172,0.07968710861698172,-1.0840292696198444,0.007172862076021605,0.08469275102404931,0.07053246199201994,0.24565891464028455,21
187,0.018051386834787783,0.11080536798329091,0.11080536798329091,-3.487689587822411,0.01239204395930229,0.11131955784722777,0.09530332289984218,-0.6352594593075831,21
188,0.012512180775969512,0.09551553827632003,0.09551553827632003,-1.038057643590168,0.0021652423458421006,0.046532164637400016,0.03129071517308907,-0.46049571115494814,21
189,0.01699868076881527,0.11026209597601205,0.11026209597601205,-2.0817889394297397,0.010783004855774365,0.10384124833501553,0.09439523431017272,-1.1892216952198638,21
190,0.011350787801713672,0.08752944603781149,0.08752944603781149,-0.8978918034389622,0.005346024936440006,0.07311651616727924,0.0651856911921651,-1.3845439467638738,21
191,0.01724722038004827,0.11080229755504331,0.11080229755504331,-1.8613869359246884,0.0034126458780985736,0.05841785581565429,0.04936178094787582,0.030055645392166097,21
192,0.013874974398424512,0.10338149672496783,0.10338149672496783,-1.6797579888085474,0.00940329440435878,0.09697058525325492,0.08639253410793936,-0.8173333133774541,21
193,0.011966819363480694,0.09061897340279342,0.09061897340279342,-1.5486912260592738,0.007215211371402516,0.08494240031575818,0.07524094397995394,-0.2056711972939418,21
194,0.004385515795631668,0.05067710390019023,0.05067710390019023,0.08157134141864886,0.007309803817938976,0.08549739070836593,0.061884981037123754,-0.4900282973643506,21
195,0.008348750815738906,0.08321892635619976,0.08321892635619976,-0.6898730585085859,0.008541876183018235,0.09242227103365419,0.07467518191905527,-0.2840330641505069,21
196,0.009995090696727615,0.08616319118743603,0.08616319118743603,-0.889302236089992,0.010695327549442475,0.10341821671950487,0.09362863211071022,-1.1830121046211146,21
197,0.010480303621365452,0.07771307003671,0.07771307003671,-0.9460165350645775,0.00443509365606193,0.06659649882735526,0.04220152044302148,0.06526939000208376,21
198,0.01015791386345,0.08097288591435721,0.08097288591435721,-0.837077889605286,0.010085148087784308,0.10042483800228064,0.08313916025362696,-1.008143454831389,21
199,0.014167886712867358,0.09902005814975798,0.09902005814975798,-1.5038952946090585,0.0014887714863998142,0.03858460167475899,0.035172326637452477,0.6765784854970136,21
200,0.008462689185786326,0.07211801557242568,0.07211801557242568,-0.8149915344620435,0.005485765150198471,0.07406595135552146,0.06395421133770175,0.23166828535748807,21
201,0.019268873497485073,0.12056684394356584,0.12056684394356584,-2.061281231982141,0.0026348382460242487,0.05133067548770665,0.04475510335510038,-0.013419060701679086,21
202,0.006384312603552724,0.06901622420251341,0.06901622420251341,-0.3049786628558897,0.008077626019621252,0.08987561415434807,0.0799656838296125,-4.655915121088548,21
203,0.012635297227990588,0.0945623249488084,0.0945623249488084,-1.2597998606718837,0.009898266859432483,0.09949003397040572,0.09217492179928037,-1.4748147162530678,21
204,0.009537242551850818,0.08066093459430292,0.08066093459430292,-0.4802623897839364,0.0013406382249214113,0.03661472688579571,0.02528515684190207,0.35217603302609324,21
205,0.01268015590668075,0.09951799279764831,0.09951799279764831,-1.4909516832497358,0.007710202209053233,0.08780775711207543,0.06497569870918714,-0.24876632810290844,21
206,0.011364412985260029,0.08809199164354803,0.08809199164354803,-1.2812331888534354,0.0075443991010007505,0.08685850045332782,0.08034013421743134,-0.1645231141414074,21
207,0.004156576246609731,0.05339910196546115,0.05339910196546115,0.0759791738871547,0.013025126025568741,0.11412767423183888,0.10249879592565941,-0.6733304909608362,21
208,0.010784601370046512,0.09387728205929013,0.09387728205929013,-1.628521631089892,0.007548860112523553,0.08688417642196739,0.08391790417799715,0.17063565722253637,21
209,0.009288163947922479,0.0903893610080481,0.0903893610080481,-0.6454589851838812,0.011010332327905666,0.104930130696124,0.0932242994842729,-1.5327135353787846,21
210,0.006184821172532837,0.06460849113843098,0.06460849113843098,0.03318071689785207,0.0028784063830569807,0.053650781756251986,0.04583574805828703,-0.19089175376564937,21
211,0.005610512855227467,0.06547633687609332,0.06547633687609332,-0.12454008568301878,0.014463986810572038,0.12026631619273968,0.11012548319919792,-1.4242036421969764,21
212,0.008468621342830603,0.07950903861945348,0.07950903861945348,-0.7523648230746063,0.012163650719927048,0.11028894196576122,0.09816191625882997,-0.9379018009203324,21
213,0.016224702736736207,0.10394455424979412,0.10394455424979412,-2.5727128305213314,0.017047102184497443,0.13056455179143167,0.10124513396971356,-1.7657029146257104,21
214,0.008084757533803768,0.08065279662607246,0.08065279662607246,-0.6306871843064115,0.006262899292289965,0.07913848174112241,0.07089730698176598,0.017342448948034273,21
215,0.013348698961858283,0.1056407023444382,0.1056407023444382,-1.2682458461695951,0.00580709282456491,0.07620428350535756,0.057568690286066704,-1.82514353444494,21
216,0.015017391609998801,0.10031069360228038,0.10031069360228038,-1.644736204265925,0.009689951974766495,0.098437553681339,0.08950461928224901,-1.1574335957597088,21
217,0.016623314903688326,0.11104325312118311,0.11104325312118311,-1.673550297638049,0.0063196036198270265,0.07949593461194747,0.06781219498683394,-1.1261356270229985,21
218,0.004237302809850494,0.054608483704920156,0.054608483704920156,-0.15087951593294235,0.01140391371221215,0.10678910858421917,0.08235098654825414,-0.6352798772418284,21
219,0.010151971216066539,0.08069766719946567,0.08069766719946567,-0.9774230604489769,0.010348850362427692,0.1017292994295532,0.09254016312128475,-0.7971329720707605,21
220,0.005002638267748202,0.055746952825910766,0.055746952825910766,-0.163251991040265,0.013869488913365731,0.11776879431057163,0.1096619619587476,-0.7125702653027381,21
221,0.008417283981050287,0.07339277146220866,0.07339277146220866,-0.5746837389283026,0.012319612616180723,0.11099375034739895,0.10077828879295798,-1.4423446255851702,21
222,0.012943562809935664,0.08803862610302368,0.08803862610302368,-1.1544195268325579,0.003637928586575651,0.0603152434014458,0.04647813825414723,-0.014257287168517818,21
223,0.009230830617028495,0.08634917125509696,0.08634917125509696,-0.5408162952906967,0.0052199275896491855,0.07224906635832179,0.06800525880321177,-0.9876179843855815,21
224,0.012937460618180168,0.08997765849081076,0.08997765849081076,-1.2326654729692526,0.007248435527709767,0.08513774443635307,0.07543057588744716,-0.8993295099966152,21
225,0.005411930325642598,0.061493315722181134,0.061493315722181134,-0.009359999346402637,0.007525482824877388,0.0867495407761758,0.07860405098760208,-0.4797549940376433,21
226,0.011681344838474465,0.09625853017107328,0.09625853017107328,-0.9062877225745773,0.008338214277857747,0.09131382303823309,0.08379744765321656,-3.464289705211841,21
227,0.007382071500027377,0.07261933926264043,0.07261933926264043,-0.29632939803548264,0.0015526424773525214,0.03940358457491553,0.03338871973603973,0.6573818663055925,21
228,0.013852587371443372,0.08734146240937254,0.08734146240937254,-1.5683378803824688,0.0038901881744184265,0.062371373036180844,0.059021673141255275,0.26738998260057667,21
229,0.010833788254022123,0.08892146039769422,0.08892146039769422,-1.2222847488947934,0.0019988780227595255,0.04470881370333511,0.040292918199683,0.7144522737677429,21
230,0.008881972000702697,0.08442753227691512,0.08442753227691512,-0.6967277274500199,0.003117032854655026,0.055830393645889924,0.047347188180582,0.47152379558137414,21
231,0.015111427528147862,0.10279430720994331,0.10279430720994331,-1.69088047097563,0.01059965476925863,0.10295462480752689,0.0794041859569493,-3.181034592688728,21
232,0.008139746811452499,0.08095769709427705,0.08095769709427705,-0.6502164690221421,0.01062698767196186,0.10308728181478964,0.08151567536249074,-0.5719012546394966,21
233,0.007133338135486304,0.07629714307418435,0.07629714307418435,-0.4231369372899654,0.015963690018935845,0.12634749708219725,0.10131216356398932,-1.496907965743806,21
234,0.008459369562064807,0.07887429091701569,0.07887429091701569,-0.6777373290918711,0.0070966668909090555,0.0842417170463011,0.07462079175145608,-0.12066966560801373,21
235,0.016399745991272776,0.08427648008115435,0.08427648008115435,-1.7406897066069322,0.0019311975346832013,0.043945392644544674,0.03987114675839212,0.4561322624371952,21
236,0.012233698986756159,0.08618047056579829,0.08618047056579829,-1.888249993847138,0.008030170431189318,0.08961121822176796,0.07699634040884484,0.08761345165527301,21
237,0.011977638330895983,0.09913020578940611,0.09913020578940611,-1.1554422697128328,0.008626484075427744,0.092878867754876,0.07868908685696534,-0.9027173827445649,21
238,0.01027841692150565,0.08467800204536297,0.08467800204536297,-0.8621824303631194,0.004396884197984261,0.06630900540638701,0.05454843243066165,0.12317890678458698,21
239,0.008796112243971933,0.07947984000901367,0.07947984000901367,-0.6179147237324825,0.005009826148723292,0.07078012537939793,0.049509787157244245,0.04608969080012948,21
240,0.007388508244412936,0.0715238371929887,0.0715238371929887,-0.35208081298098914,0.010267151366263922,0.10132695281248678,0.08288258527500442,-1.2205621843279286,21
241,0.009439972395525586,0.0796489401396329,0.0796489401396329,-0.7732463120826158,0.007664733724479827,0.08754846500356146,0.0822736472490375,-0.39230207868572164,21
242,0.006512648282372648,0.060146518334239535,0.060146518334239535,-0.3797729177412752,0.011424213724608603,0.10688411352772967,0.09751852478012868,-0.6358021860799956,21
243,0.004988290272483511,0.060741506871477724,0.060741506871477724,-0.026189588021042542,0.007939321377887784,0.08910286963890549,0.0731397396174355,-6.566870228359217,21
244,0.010099157972645578,0.07988249636098732,0.07988249636098732,-0.951923132838776,0.006693404186377633,0.08181322745361921,0.06675864597531128,-0.11666479100895288,21
245,0.005290593025863528,0.05675742225809829,0.05675742225809829,-0.24397225198786088,0.015263668573476183,0.1235462203933256,0.11411332337564424,-0.7587771072982041,21
246,0.005481941853300759,0.06051816423920987,0.06051816423920987,-0.3365762481540844,0.016586050823757522,0.1287868425878883,0.1113426858631058,-1.3562455278286456,21
247,0.0056403073408848045,0.056484796542418704,0.056484796542418704,0.015432832912355199,0.0062919689930362975,0.07932193261032094,0.06127746745017323,-1.1593164666528342,21
248,0.00859255883419583,0.07626567329603988,0.07626567329603988,-0.5676393220266236,0.0045766749475185395,0.06765112672763507,0.06305646555990264,0.10584675181675196,21
249,0.016803737171776183,0.11401051346102303,0.11401051346102303,-2.4704351370096376,0.010252542495909489,0.10125483937032091,0.08070214972978618,-1.4126995722894136,21
250,0.00908227645146537,0.08051287054096011,0.08051287054096011,-0.6871573250007696,0.0037016415050370993,0.060841116895049674,0.05337070704562372,0.3240250982046161,21
251,0.0071579164654593285,0.07522195068187461,0.07522195068187461,-0.3774638890431752,0.006814815302199135,0.08255189460090626,0.06203909270291757,-0.14364571459201114,21
252,0.010938507421259114,0.08757572878005236,0.08757572878005236,-0.7661009504470362,0.004703015452188088,0.06857853492302156,0.060719309093955565,-0.5475196607965629,21
253,0.011418825337106656,0.0910637945154633,0.0910637945154633,-1.1568093279184706,0.005805842600473276,0.07619607995476721,0.06258516302757998,-0.012270816632256487,21
254,0.004935030536309232,0.05877057779354295,0.05877057779354295,0.055605299993956914,0.01122669946016456,0.10595612044693105,0.08656718511784095,-0.8931932412783408,21
255,0.013040271002181658,0.10668265863338952,0.10668265863338952,-1.2925354408266267,0.004706305771167582,0.06860252015172316,0.0630237989048781,-0.5155719923055619,21
256,0.009781028657446122,0.08424642197155284,0.08424642197155284,-1.2286788835283806,0.013748442070526027,0.11725375077380693,0.10973030386947735,-0.6449677910693483,21
257,0.015914777414793555,0.09638626095462921,0.09638626095462921,-2.010669083411243,0.01426181036203871,0.11942282178059062,0.11337616174944853,-1.4956560072989653,21
258,0.01015229984572767,0.08062151983493637,0.08062151983493637,-0.7697512978395606,0.002795528924737068,0.05287276165226352,0.04701882290585402,0.34362671513533494,21
259,0.006801479510359667,0.07269674200636173,0.07269674200636173,-0.2253119651310822,0.008856624169668545,0.09410963909009823,0.08502660450368386,-0.9492018989168418,21
260,0.006233335578364254,0.06520982718344623,0.06520982718344623,-0.14824350492987626,0.004272633279893677,0.06536538288646122,0.052010652335533515,0.19726096007345606,21
261,0.01564585932437515,0.10707370402967675,0.10707370402967675,-2.102747460454718,0.009981827764410386,0.09990909750573461,0.06590169519242062,-0.9346275658686203,21
262,0.008735862566110886,0.08104653434594418,0.08104653434594418,-0.642491601550021,0.006672775585235741,0.08168705886023649,0.07517279147743923,-0.2722647029614236,21
263,0.0059717198256698445,0.05495221916465135,0.05495221916465135,-0.12471300878707714,0.021671444842565033,0.14721224420055906,0.11208423417415907,-2.9442019034347275,21
264,0.007762897000178752,0.07437933240812751,0.07437933240812751,-1.0579857658642018,0.013176504316635395,0.1147889555516357,0.0987641640279578,-0.2809168524501824,21
265,0.013832068287192495,0.09354922324863667,0.09354922324863667,-1.6427025782179174,0.00800146703522975,0.08945091970030129,0.08194043466777723,-1.026571685725259,21
266,0.008575782105763631,0.07726361501785528,0.07726361501785528,-0.6520772697362636,0.006473178287053974,0.08045606432739533,0.07210600398062167,-1.229289095877144,21
267,0.009131977926744417,0.08191208801759259,0.08191208801759259,-0.9594579331536526,0.010727985731830793,0.10357599013203202,0.09164023745012838,-0.6273993528364143,21
268,0.008106952501006369,0.06967487697265343,0.06967487697265343,-0.5037038338061604,0.0074337305578964655,0.08621908465007307,0.07372496451868339,-0.4066223829037843,21
269,0.009099133722572907,0.08054711497385628,0.08054711497385628,-0.6726448906417246,0.005921460452413847,0.07695102632462966,0.07232086104556594,-1.126286130608439,21
270,0.009568581184917394,0.08333230298641536,0.08333230298641536,-1.125130684702912,0.009433310566227105,0.09712523135739294,0.07808417440638331,-0.5222335931597482,21
271,0.008639067974930682,0.07799384682605805,0.07799384682605805,-0.665159711454695,0.00976927406148958,0.0988396381088558,0.0745155736646362,-0.7693407014316949,21
272,0.010786782919531177,0.08416031600935218,0.08416031600935218,-1.1516049394204764,0.011581003945179885,0.10761507303895623,0.09516050590361226,-0.7606047712791952,21
273,0.008721182503422742,0.08108971922370121,0.08108971922370121,-1.0464756011399152,0.013832144358857058,0.11761013714326268,0.11202726369765949,-1.8248975893609845,21
274,0.007790574808308626,0.07279078858340654,0.07279078858340654,-0.5162248693808076,0.008865770476821756,0.09415822044209288,0.07690901191133381,-0.5076744434681357,21
275,0.0056561641491864635,0.06038249381979521,0.06038249381979521,0.04182587830254003,0.0073351637483188336,0.08564557051195837,0.07044472323527932,-1.2244612544552846,21
276,0.0051251946984974105,0.05927379682965875,0.05927379682965875,-0.02417330352546254,0.01223572736563506,0.11061522212442129,0.10336699437439743,-1.0064817515686242,21
277,0.008706795024642961,0.07621626368774774,0.07621626368774774,-0.43891352864387634,0.005417892480588064,0.07360633451400812,0.06383311606947642,-0.7959733393485209,21
278,0.00550906587329127,0.06447254698508048,0.06447254698508048,0.006316060796547229,0.006711129559184661,0.0819214841124394,0.08133060631229351,-0.36601739946272804,21
279,0.007463965824833029,0.07598125337143916,0.07598125337143916,-0.2692442158810948,0.003049077133651839,0.05521844921447758,0.05372797986390407,0.19411694919049827,21
280,0.010794178274405276,0.08661979256015961,0.08661979256015961,-0.7837393989528081,0.003777461663451409,0.061461058105530604,0.04702873862839935,-0.08962802894843902,21
281,0.01091873687771515,0.07699950998436243,0.07699950998436243,-0.958661364679938,0.005648971119859258,0.07515963757136711,0.0560453103420766,-0.41238172842995424,21
282,0.017391595238945106,0.11531367666175102,0.11531367666175102,-2.7862193933791293,0.010919630465409016,0.10449703567761631,0.10031466702417902,-0.3918820210454783,21
283,0.010551586436743289,0.09351020451730033,0.09351020451730033,-0.9432030867822867,0.003868887243954618,0.06220037977339542,0.050957343588263905,0.08974495934656512,21
284,0.00634678405878845,0.06184405241563143,0.06184405241563143,-0.3116432701648726,0.019998425861566128,0.14141579070799035,0.12406053324899187,-1.9565966846179328,21
285,0.012807762445175,0.09716408298365292,0.09716408298365292,-1.408770442667211,0.004103938600044922,0.0640619902910058,0.05027830576311482,0.16886877534584244,21
286,0.012087788900134058,0.08632974207257461,0.08632974207257461,-1.4779244397179485,0.021252463807177994,0.14578224791509423,0.1332099334440553,-3.475703408622678,21
287,0.016247864366721265,0.10959700037275436,0.10959700037275436,-1.858445603445129,0.0029777850686694917,0.05456908528342299,0.04809813918096317,0.34427362881638546,21
288,0.006077621904929852,0.06062985669082356,0.06062985669082356,-0.1485120864210221,0.003964357115937502,0.06296314093132188,0.040534465297053054,0.10256130945453168,21
289,0.007285697431563527,0.07591754725378765,0.07591754725378765,-0.24888456955492,0.005422242928932705,0.07363588071675863,0.05456205662060182,-0.5085142959771976,21
290,0.018019100730787524,0.1184853044334791,0.1184853044334791,-2.2248355019138217,0.0081693597613615,0.09038451062743826,0.08257787171550511,-0.9119313714140829,21
291,0.013222906150338613,0.09861523190918094,0.09861523190918094,-1.2395579931088014,0.005908366767825679,0.07686590120349646,0.06671780997116748,-0.8553058095325761,21
292,0.008089039791875623,0.08041864490420038,0.08041864490420038,-0.41361975406810747,0.006586141051237399,0.08115504328898727,0.07155270702489679,-1.8423804975906917,21
293,0.011986841545300839,0.09154649297379401,0.09154649297379401,-1.3517424552936461,0.01176850615548674,0.10848274588839803,0.09705248659531653,-1.43924176419781,21
294,0.010811631288089249,0.08308482239228329,0.08308482239228329,-1.0057062005836594,0.013917584067362751,0.11797281071231096,0.10168944398062417,-1.948596163265302,21
295,0.011918000028748904,0.09155095638717768,0.09155095638717768,-0.7531475740335256,0.004411692326469455,0.06642057156084592,0.05329795900391291,-12.456400385051708,21
296,0.009181076245251121,0.07687269765804582,0.07687269765804582,-0.8746354881965823,0.006268521150520913,0.07917399289236911,0.07219646563919549,0.010537598213159804,21
297,0.0071017587912787766,0.07431292158338268,0.07431292158338268,-0.39492285272636574,0.012844553826400713,0.11333381589976009,0.09314923526832443,-1.0574620056399122,21
298,0.008944057092034984,0.08118770696382381,0.08118770696382381,-0.8066131764181534,0.013372328632519215,0.11563878515670777,0.0996584107818403,-1.0811982235149147,21
299,0.012361594829770877,0.07744632915718805,0.07744632915718805,-1.7841646107528586,0.009135385716079589,0.09557921173602338,0.08637732953436955,-0.14563208328037303,21
300,0.007069298595898251,0.06921937095845812,0.06921937095845812,-0.4960131724810901,0.015417468906208714,0.12416710074012646,0.10228994951298569,-1.2393150211953587,21
301,0.006691323056356737,0.07163317382453266,0.07163317382453266,-0.2595639503833609,0.0036835436681359173,0.06069220434401701,0.04525193444228528,0.2547872426736283,21
302,0.005616497353508992,0.0595384216003289,0.0595384216003289,-0.00677593214473271,0.006670817387822277,0.08167507200989955,0.05480312640581814,-0.3644340295661941,21
303,0.00863858061278051,0.07964086825928825,0.07964086825928825,-1.1385104756320232,0.011089779983965412,0.10530802430947707,0.09770810094455634,-0.23237725270547016,21
304,0.004895094436422779,0.0590520864594236,0.0590520864594236,-0.13063801430354172,0.012884134044710756,0.11350829945299487,0.08750599166585542,-2.780647373613251,21
305,0.005932794834543076,0.06192323531021468,0.06192323531021468,-0.3035305090047462,0.01009949793143633,0.10049625829570139,0.07222328371381702,-0.3768894426594307,21
306,0.017180172162556094,0.11374207082998684,0.11374207082998684,-1.6495649879801118,0.003963966930233146,0.06296004233029982,0.05541912847639885,-2.012435911646258,21
307,0.008206664992238186,0.0723274925263475,0.0723274925263475,-0.5714202360903771,0.004557061800237867,0.06750601306726585,0.0544400755433129,0.23267961048125263,21
308,0.02234495894048692,0.11932885834206962,0.11932885834206962,-2.6589927588811535,0.003433094374060743,0.05859261364763261,0.05301922468155834,-0.26494931761017293,21
309,0.006567869561305685,0.0622434399867762,0.0622434399867762,-0.23584602093599294,0.009451606317321023,0.09721937212984366,0.0846602482172918,-1.0651569498488622,21
310,0.0036764627564342986,0.050859468241259066,0.050859468241259066,0.25487371523578317,0.017550349166020707,0.13247773083058415,0.11962625774950693,-2.2523630782382824,21
311,0.012012574403660232,0.09396143344970449,0.09396143344970449,-1.1213036059624635,0.015039057747329566,0.12263383606219601,0.0978244390919995,-2.2594846578905363,21
312,0.013556279117082525,0.08691994698073033,0.08691994698073033,-1.3649906687763353,0.0047346370236188975,0.06880869874964136,0.06268032379440748,-0.23653275169800891,21
313,0.007043482482871427,0.06262852561920551,0.06262852561920551,-0.5644804637843623,0.006119662099061463,0.07822826918104134,0.07013251528769718,-0.06380289975073139,21
314,0.0031914074350913708,0.047758835493819714,0.047758835493819714,0.3281955932483386,0.007928599290444338,0.08904268240818186,0.07511377525287355,-0.0800419566004591,21
315,0.012532234528439266,0.09430083613968633,0.09430083613968633,-1.3542742896957303,0.006109924460185418,0.07816600578375114,0.07257156045548023,-0.11253505306756795,21
316,0.0029264756516339373,0.04820681957556354,0.04820681957556354,0.32561101130632153,0.005489004930319332,0.07408781904145466,0.06781502647034997,0.29076367238338585,21
317,0.010596522843066268,0.09029127252569401,0.09029127252569401,-0.7333208225497667,0.008075293836782741,0.08986263871477813,0.07237998591007315,-3.130783638715811,21
318,0.014147785031617491,0.09333712145919437,0.09333712145919437,-1.9737222293416572,0.00700161279715992,0.08367564040483896,0.07792131959075942,-0.3253277773724905,21
319,0.008834326666482135,0.08243058295830803,0.08243058295830803,-0.8861035417452772,0.00991469032761732,0.09957253801936215,0.08584347339106214,-0.31763300363296865,21
320,0.006967098471966778,0.07052433787627231,0.07052433787627231,-0.2016161772080638,0.005748067895416771,0.07581601344977702,0.06658827569487746,-0.4050676705084406,21
321,0.008450950961852674,0.07111666342929755,0.07111666342929755,-0.47835772027576673,0.0011142429745759224,0.03338027822795853,0.026980676111255302,0.7260067084039936,21
322,0.006639660637262039,0.06554599132607057,0.06554599132607057,-0.16198497876274676,0.007126775529284011,0.08442023175331853,0.07460031277485175,-1.8087396283414252,21
323,0.007251667970759385,0.07272432816997923,0.07272432816997923,-0.23830461415585402,0.011824414172001502,0.10874012218128827,0.10494619259618487,-2.787877198142269,21
324,0.0069562069199543,0.07207346819509798,0.07207346819509798,-0.5361103978497057,0.010721935426184602,0.10354677892713322,0.07392738784638832,-0.360796146566257,21
325,0.009723423206485482,0.07955578764234517,0.07955578764234517,-0.7175182091284777,0.003625423370905627,0.06021148869531152,0.04582416916000228,0.2149393816689944,21
326,0.010112738034253487,0.0752314858340187,0.0752314858340187,-1.0556372180605544,0.009275691783324876,0.0963103929143936,0.08617853409417077,-0.3593180744047604,21
327,0.009614707846800716,0.08478816293230013,0.08478816293230013,-0.6776455038790028,0.007488958217313102,0.0865387671353891,0.07619744422991931,-0.7221803044202009,21
328,0.01088755971320031,0.08307720083149643,0.08307720083149643,-0.9837259862313315,0.007128813206409773,0.08443229954472266,0.0809234745017569,-0.38569407181110127,21
329,0.0093028618013333,0.0734778570843611,0.0734778570843611,-0.7418448342185548,0.0029471765558536996,0.05428790432364929,0.041193994533722585,-0.6754117639586918,21
330,0.01139905479273827,0.08543573131985156,0.08543573131985156,-0.9995887997910171,0.007227839060536944,0.08501669871582256,0.07452740904213741,-0.8249037293289174,21
331,0.01346958113608816,0.08011886168443731,0.08011886168443731,-1.4985255335664536,0.005684567721528907,0.07539607232163295,0.05657249207003542,-0.0834906861292084,21
332,0.0141724497977909,0.09936756547824202,0.09936756547824202,-1.8624874845515103,0.007541629758087595,0.08684255729817952,0.0791816721876276,-0.5004862514095654,21
333,0.016482740242803964,0.095980727397982,0.095980727397982,-2.4850197936577025,0.019213480145181438,0.13861269835473747,0.12018750037115106,-1.9607494272638633,21
334,0.008589834205011361,0.08345683318378609,0.08345683318378609,-0.6950600814451917,0.007097775047553472,0.0842482940334905,0.07445645705076116,-0.20446182054422213,21
335,0.019098567448848205,0.11183228860953268,0.11183228860953268,-2.3666530405768382,0.009476131103843462,0.09734542158644885,0.07916688253072307,-2.195565954815801,21
336,0.010114365551407538,0.0848575844944322,0.0848575844944322,-0.6944363536799685,0.006968787799435386,0.08347926568577005,0.07128788920672689,-0.875371034289852,21
337,0.012330316548767723,0.09736935425810443,0.09736935425810443,-0.978132697429362,0.0024798392075601207,0.049797983970840835,0.04670701280830928,0.15210425893664992,21
338,0.006177745727153164,0.06260897715980342,0.06260897715980342,-0.44635418882136046,0.011032544399273944,0.10503591956694597,0.09049463019122707,-0.2841397525407934,21
339,0.016111518354933657,0.10722785666357332,0.10722785666357332,-1.9092414641478341,0.008916083090618209,0.09442501305595996,0.0717964746276293,-0.7956890649696018,21
340,0.00680568284181993,0.06844697704506268,0.06844697704506268,-0.2606876524581505,0.005765145643605482,0.07592855618017165,0.052526223732530186,-0.14271617051423857,21
341,0.019354903199186098,0.11837720840423763,0.11837720840423763,-2.682795395492631,0.010065769256503983,0.1003283073539267,0.08684291938004592,-0.7961417286870462,21
342,0.01710932668897872,0.1148175931892137,0.1148175931892137,-2.359918430290534,0.010014797834506994,0.10007396182078031,0.08132827781010239,-0.5847761588140645,21
343,0.008549920846176621,0.07496270553402126,0.07496270553402126,-0.38920981761740814,0.0019839440988525733,0.044541487389315744,0.0380701846526774,0.37129650026105754,21
344,0.016032328718060585,0.10986125401460467,0.10986125401460467,-1.708429495860703,0.00745236398001416,0.08632707559053625,0.06454016236141841,-0.9893638365457504,21
345,0.018218640251586253,0.11003789693914984,0.11003789693914984,-1.9325381610162626,0.0029301648018298376,0.0541309966823985,0.0435694769765104,-0.009170795176373536,21
346,0.008763254432859193,0.07244294834206132,0.07244294834206132,-1.3849798263276982,0.017566628063640084,0.13253915671845842,0.11349463657519658,-1.3538481059617147,21
347,0.013639056778626852,0.09855557951142295,0.09855557951142295,-1.1798254741381404,0.008195043629999883,0.09052648026958678,0.07841488214775293,-7.484983235175099,21
348,0.007083289458414916,0.07487992984781346,0.07487992984781346,-0.31782854001580696,0.006747664476353517,0.08214416885180297,0.07388418916726631,-0.7803213701097993,21
349,0.00814358342606627,0.07716887696813902,0.07716887696813902,-0.537432526209763,0.00561802522537979,0.07495348707952013,0.06725256514281074,-0.045685287859053014,21
350,0.00901795778869252,0.07801112414733924,0.07801112414733924,-0.672231970386922,0.006933536578445674,0.08326786041712417,0.059438637744884566,-0.4025300133622365,21
351,0.004203318289755976,0.052154714547170314,0.052154714547170314,0.2402079069352887,0.005324489874876423,0.07296910219316408,0.06440083107353912,-0.9255573077664629,21
352,0.012423218458162707,0.09907713425628616,0.09907713425628616,-1.199504464695074,0.0034582613757887584,0.05880698407322687,0.04690111722530654,0.1656221540014835,21
353,0.02185796620050623,0.12462653237463023,0.12462653237463023,-3.298672964990523,0.017556459037792786,0.13250078881951152,0.11239728996702898,-1.8059102091799435,21
354,0.01809315595166079,0.10504675817517625,0.10504675817517625,-2.2142796726609406,0.01284463002492136,0.11333415206777417,0.09292159012598883,-1.8043823703275121,21
355,0.01214690114814627,0.09158420387804007,0.09158420387804007,-1.0499348943463347,0.002592582635115872,0.05091740994115738,0.03764807089983991,0.041793166224224354,21
356,0.00685763320665597,0.06920052770759477,0.06920052770759477,-0.30775409584272695,0.0027301608323001413,0.05225094097047575,0.04522623995365512,0.5365538609327863,21
357,0.011299588752223635,0.07901071593954362,0.07901071593954362,-0.8886355808540962,0.0059323334928607155,0.07702164301584792,0.06787501401721109,-1.138900961109218,21
358,0.012371207585882006,0.0963546247952319,0.0963546247952319,-0.9820821766381693,0.0050059037936388195,0.0707524119280666,0.06230591536462776,-0.7606797201805957,21
359,0.006253642542932073,0.06353197061121953,0.06353197061121953,-0.6397539406479151,0.02011096130488748,0.14181312106038524,0.12363830684506864,-2.4407594056559674,21
360,0.010811944037739617,0.08235789706758123,0.08235789706758123,-0.9162515255632742,0.008734128714800246,0.09345656057656009,0.07553136295666152,-0.9036298705202916,21
361,0.014272917372891011,0.1080245293947061,0.1080245293947061,-1.2890923748638277,0.0066538629687336705,0.08157121409378232,0.06882355883751623,-1.285004120074325,21
362,0.005292933238876568,0.05957212943623905,0.05957212943623905,-0.090174562855595,0.011183919131714857,0.10575405019059486,0.08541325852379807,-0.6352457299585703,21
363,0.004564688937783421,0.05283782124672127,0.05283782124672127,0.07358673006099081,0.015204016622409416,0.123304568538272,0.1057407473602716,-1.4671659654368514,21
364,0.011650181779836326,0.08951150350990868,0.08951150350990868,-1.186954189420379,0.0035910292558264246,0.05992519716969169,0.05688288978216898,0.0030422727216271594,21
365,0.010090033196850059,0.0754430177937539,0.0754430177937539,-0.8814472692008866,0.003983362445595865,0.06311388472908211,0.04484098226465718,0.24566376555831793,21
366,0.014136496879797369,0.09802524826936101,0.09802524826936101,-1.3515191849362882,0.005999849947909656,0.07745869833601425,0.06946774285924075,-1.3705535311079644,21
367,0.009110982177239027,0.07113357597188892,0.07113357597188892,-0.8565586202224011,0.012344988507349858,0.11110800379518056,0.09334266548147026,-0.9955142262034997,21
368,0.015713704516257313,0.10744268904408008,0.10744268904408008,-1.4881393316380858,0.0028904317403492578,0.05376273561073002,0.04600626685217512,-0.13078600627717019,21
369,0.0033551714152188533,0.046303358242618456,0.046303358242618456,-0.06093600370042229,0.015419175203530006,0.12417397152193371,0.10422565168720412,-1.8318560540460953,21
370,0.007295958776916096,0.07232682479559988,0.07232682479559988,-0.3542249215119584,0.004491570747077659,0.06701918193381398,0.06305078610419579,0.08324148401842635,21
371,0.013844334678877624,0.10036550891391197,0.10036550891391197,-1.3012316259982688,0.005186281784493336,0.07201584398237193,0.06492267531924838,-0.5399250845011296,21
372,0.013395059483564911,0.08964536826354884,0.08964536826354884,-1.2636233745633665,0.008392490513113018,0.09161053712926814,0.08860220628087277,-4.0631623358239235,21
373,0.013639305908949883,0.09468956664871238,0.09468956664871238,-1.6490509400734008,0.004372943739606624,0.06612823708225272,0.058139865177665895,0.18027462712035358,21
374,0.010569631488915118,0.09184785649704805,0.09184785649704805,-1.1312853906719518,0.005254558204735427,0.07248833150746006,0.057438074086733654,0.19071102148686025,21
375,0.014309020096931678,0.10153828885624466,0.10153828885624466,-1.726810130051466,0.009904713041841484,0.0995224248189396,0.09058948115451376,-6.772917588819784,21
376,0.009869078743610942,0.08500026516218823,0.08500026516218823,-0.6514200842018292,0.007733275615145173,0.08793904488419904,0.08576817301986288,-1.164477751446284,21
377,0.01634207022544581,0.10542300377643954,0.10542300377643954,-1.4193645267597637,0.0022965418068618616,0.047922247514717645,0.03990485117985212,-0.6872258860810325,21
378,0.00926433958853952,0.0783862695359068,0.0783862695359068,-0.49366575720583183,0.008463602568501314,0.09199784002084677,0.0760639197448227,-1.8756097882906637,21
379,0.009533798459153474,0.0833146533989156,0.0833146533989156,-0.6222704612419914,0.0037040954013501767,0.06086127998448748,0.05920244777335728,-0.008597013727131397,21
380,0.006518508048254471,0.06410375360330028,0.06410375360330028,-0.15098506621702046,0.007356502518000122,0.08577005606853783,0.07500703950204421,-3.0118493553685335,21
381,0.00447755516667665,0.05176458394811397,0.05176458394811397,0.09280856981481578,0.010332009782343074,0.1016464941960276,0.09498539265246814,-0.5331828945886661,21
382,0.006855962172447833,0.06786371474004443,0.06786371474004443,-0.16008079678930298,0.006991376375398759,0.0836144507570238,0.0693635454001031,-0.7954047533604531,21
383,0.007368534378925833,0.07025852333465218,0.07025852333465218,-0.2952737094542406,0.009106992718785506,0.09543056490865758,0.07851023786429406,-1.2703203485892773,21
384,0.008687757793308168,0.07068464754440357,0.07068464754440357,-0.906859863775304,0.009572234243936108,0.09783779557990924,0.0880596502978163,-0.9437274152950543,21
385,0.01029513958813502,0.07931941923087155,0.07931941923087155,-1.2217354232614364,0.006027337280801705,0.07763592777059926,0.06476358371991335,0.2177009488540237,21
386,0.008851183683382217,0.07959596730396366,0.07959596730396366,-0.5910015731923275,0.009768495198704548,0.09883569799776065,0.08036471974020819,-0.9916895074571246,21
387,0.012630174463808158,0.09687827518686942,0.09687827518686942,-1.3771991388706581,0.008630965356613986,0.09290298895414499,0.07074505973298041,-0.5241360229276664,21
388,0.008222011821100961,0.07188055688862936,0.07188055688862936,-1.0963200140247444,0.01055513679867482,0.1027381954225147,0.08320494768704938,-0.20201305374321366,21
389,0.007060918982269656,0.06820695006947403,0.06820695006947403,-0.19037765386138772,0.007865448748017438,0.08868736521070765,0.07723235010118178,-1.0823286643922052,21
390,0.013038283478354671,0.08935777112671897,0.08935777112671897,-1.1001227636362496,0.00224878872679274,0.047421395242999126,0.034521718357521464,0.21407899160489519,21
391,0.011217009884431303,0.08450529611215264,0.08450529611215264,-1.0254030081603638,0.009136764780999439,0.0955864257151581,0.07553425515341843,-0.855093701446823,21
392,0.011445560029836925,0.08758001484886341,0.08758001484886341,-0.8894262957852921,0.0041481725118803015,0.06440630801311546,0.0433088835549262,-0.7347008861854571,21
393,0.012286491731928228,0.09280333646961508,0.09280333646961508,-1.2023038576794476,0.006320060964361641,0.07949881108772408,0.07101546869962864,-0.30022983984481666,21
394,0.011609235542354565,0.08864148096280036,0.08864148096280036,-1.2338210987999063,0.006660131275160731,0.08160962734359672,0.07375918129523208,-0.20229302723804565,21
395,0.015183527707616742,0.09710956938548826,0.09710956938548826,-2.0433795253669595,0.008483427595557329,0.09210552424017426,0.07686235503797999,-2.0240076027062592,21
396,0.003234186303766362,0.04930504123414817,0.04930504123414817,0.44558600875520116,0.01853263145676304,0.13613460785840992,0.12526080759558697,-3.5181089229966034,21
397,0.01106598412460049,0.08976802684327313,0.08976802684327313,-1.2958882165625454,0.007843157036808206,0.0885616002385244,0.06977699822431417,-0.2566102094631395,21
398,0.015053914734351526,0.108477902293291,0.108477902293291,-1.5391907766613273,0.005012483522127824,0.07079889492165696,0.06178193793048405,-0.49157537671517026,21
399,0.009088001118087767,0.07457049170898289,0.07457049170898289,-0.6029055287524763,0.011127324399787641,0.10548613368489548,0.09237628763070727,-6.310589823643317,21
400,0.011116193614536227,0.08153170828891541,0.08153170828891541,-1.0248222996762704,0.008969536985458085,0.09470763953060009,0.08128308393116691,-0.942395271421965,21
401,0.007184273721870849,0.06445708128178079,0.06445708128178079,-0.41963236583726027,0.005470099660424314,0.07396012209579102,0.06306641469195971,0.08339836042662252,21
402,0.015308447873373713,0.11359379899183912,0.11359379899183912,-1.7635999337734765,0.00721193294025058,0.0849231001568512,0.07299073277683955,-0.5670535448797063,21
403,0.005820682138526111,0.06187462370515403,0.06187462370515403,-0.008177691174406032,0.013453662450307801,0.1159899239171567,0.10449322216619637,-2.3484795142272628,21
404,0.010215354914359709,0.08643109754150816,0.08643109754150816,-0.6615705345998617,0.0021919146561660096,0.04681788820703054,0.037069915605924104,0.309859601202102,21
405,0.02468643961078236,0.12172155251685088,0.12172155251685088,-3.4633112076514196,0.010638863251325141,0.10314486536578125,0.08675707041408294,-1.133432574766461,21
406,0.011645732687614313,0.09112589287435259,0.09112589287435259,-1.4914937678049207,0.006127395828777853,0.07827768410458917,0.06480531800522597,0.1324353358290591,21
407,0.009754499543425874,0.08050368731152036,0.08050368731152036,-0.7636453942063282,0.004058418901661632,0.06370572110620545,0.05662374075125246,0.181503538438891,21
408,0.010855444972729465,0.08107774826727956,0.08107774826727956,-0.7805266837908909,0.007695568375392187,0.08772438871483908,0.07448338568455165,-1.3530421352310564,21
409,0.0047136507275374615,0.05318330138733077,0.05318330138733077,0.06328329159409041,0.0033687780368947128,0.05804117535762618,0.04980436112082454,0.19545349251726718,21
410,0.008836726599069129,0.07736953201891371,0.07736953201891371,-0.7421314121842375,0.005093984891730627,0.07137215767882198,0.06360576268954089,0.09088023883648866,21
411,0.008707485301535275,0.07715923524917417,0.07715923524917417,-0.5166907701000263,0.014735622065383869,0.12139037056284106,0.09007755175489118,-2.348192810342026,21
412,0.012516812110555057,0.08269184582108804,0.08269184582108804,-1.241435658137736,0.007301134607266016,0.08544667698199863,0.05790868000590821,-3.757088404425942,21
413,0.004846943849284772,0.06032794510304863,0.06032794510304863,0.04290388319830252,0.017500336910745474,0.13228883895002433,0.10987554700431029,-4.944719585210954,21
414,0.010968675588296806,0.09168278794339671,0.09168278794339671,-1.1594987434481094,0.010006011214908392,0.10003005155906095,0.07830683630793421,-1.23600457646018,21
415,0.007731105632728257,0.07516928067460966,0.07516928067460966,-0.2802901654775456,0.009691135706571794,0.09844356610044049,0.07858184621573051,-2.0697940804380957,21
416,0.009008885890214889,0.07119161381504174,0.07119161381504174,-0.5239306125513563,0.00965443363294862,0.09825697752805457,0.08972634743947089,-1.5428482136351618,21
417,0.011074019316809404,0.08007110299115627,0.08007110299115627,-1.083830273110189,0.008553141976471853,0.09248319834689896,0.08436089633282039,-2.019043059520434,21
418,0.0066193712050137835,0.06900740698942169,0.06900740698942169,-0.32770478767948963,0.011264879360680907,0.10613613597960361,0.08015964751877101,-0.6946602281137115,21
419,0.005499123423031543,0.06834980644835165,0.06834980644835165,-0.1710908645888447,0.009441571450259693,0.09716774902332406,0.07580660796327078,-0.35957040116003847,21
420,0.00873286401683266,0.0770025030876274,0.0770025030876274,-0.4865372258378933,0.00438157508674136,0.06619346710017054,0.05249182938506921,-0.12084641011718378,21
421,0.007915464134367993,0.07060432437301747,0.07060432437301747,-0.4585934149978972,0.013358679724817357,0.11557975482244871,0.0887991094154598,-2.9223687886826872,21
422,0.0033954459702375804,0.05113338691402305,0.05113338691402305,0.12254674562142365,0.013466667890329536,0.11604597317584758,0.10520421222486613,-0.3500149145289322,21
423,0.012277251916607236,0.08388566695219124,0.08388566695219124,-1.2684754642448355,0.009763978170246842,0.09881284415624743,0.09003748507998742,-5.044504460402756,21
424,0.015257871313638491,0.10354700195001923,0.10354700195001923,-1.6248448387593286,0.003572656395060134,0.05977170229347775,0.05376929399018937,0.121475831290214,21
425,0.00908038008099875,0.07567799303680456,0.07567799303680456,-0.49579775653800895,0.010859677134694606,0.1042097746600318,0.07272397170271166,-2.5628965161562847,21
426,0.01637141394474973,0.09151024644612649,0.09151024644612649,-1.8371049096881826,0.0028392081252742243,0.05328422022770179,0.04424329263729912,0.28411427696696945,21
427,0.014368241920959165,0.09054127160360508,0.09054127160360508,-1.23701952871683,0.004694146599450079,0.06851384239297982,0.06280180886766483,-1.0969303390412257,21
428,0.010472640862346618,0.08954716379768034,0.08954716379768034,-1.0385911785752882,0.014255833327050044,0.11939779448151479,0.0875300923086164,-1.6921120288474065,21
429,0.018062609268571225,0.09991723560646441,0.09991723560646441,-1.783565952792629,0.006180044044762904,0.07861325616435758,0.07274069366775558,-2.4699797789123736,21
430,0.00956438325175123,0.08037532150608956,0.08037532150608956,-0.9146544980753495,0.010853183008600983,0.10417861108980568,0.08528781264446238,-1.0358718778535234,21
431,0.008360192694829231,0.07827018944946323,0.07827018944946323,-0.5998863259186966,0.011667000205650735,0.10801388894790676,0.08528820408159853,-1.1593265590237842,21
432,0.007917846376364102,0.07087222173172922,0.07087222173172922,-0.5609187274247598,0.005421499150000823,0.07363083015966086,0.06028799802640724,-0.003296074911859348,21
433,0.008273992901860686,0.07575989769821957,0.07575989769821957,-0.33070086273421073,0.00563602385766404,0.07507345641213038,0.059588489166007834,-1.8617927013503683,21
434,0.01129968171731302,0.09590872753269922,0.09590872753269922,-0.8729267705887105,0.002501013796799905,0.05001013694042344,0.03995468032833277,0.2540203019322964,21
435,0.010250519999892262,0.08601870331619048,0.08601870331619048,-0.755249507026597,0.003303559796283656,0.057476602163694886,0.046552601018489105,-0.23639317371803936,21
436,0.007367931401093722,0.07605738308826461,0.07605738308826461,-0.348331440219914,0.004688442662012764,0.0684722035720537,0.057972603864357465,0.10386436316537828,21
437,0.010337775569565057,0.08489027990512514,0.08489027990512514,-0.6657610734550561,0.007798499752538092,0.08830911477609824,0.07078298966074831,-1.663580825872648,21
438,0.01095294592890516,0.09047257178106799,0.09047257178106799,-0.881769541871597,0.00732301853562151,0.08557463722167633,0.0789742859690818,-1.0090645132571407,21
439,0.02014042125923723,0.1211430446704324,0.1211430446704324,-2.1377913646686255,0.00448204440046671,0.06694807241785763,0.0592403087179432,-1.2802005903109062,21
440,0.027049716064652788,0.128538580933889,0.128538580933889,-3.4248864116643887,0.004308713519832426,0.0656407915844441,0.053442691702003615,-0.33539870109992176,21
441,0.01733864122748617,0.1068278013173751,0.1068278013173751,-2.0919785516484644,0.009093527670314364,0.09535998988210079,0.08110262402029426,-0.9405065770605558,21
442,0.008665398330146025,0.0818939098315806,0.0818939098315806,-0.872195753156666,0.008537095607227865,0.09239640473107093,0.06975030232739994,-0.1816348588961294,21
443,0.01076852953772816,0.09283123251445792,0.09283123251445792,-1.9904909483164168,0.014355039028347344,0.11981251615898626,0.11158303928096941,-0.39772989370695955,21
444,0.008405001782837908,0.06973001030348945,0.06973001030348945,-0.9139822737119181,0.01009620476158398,0.10047987242022145,0.07574705355260647,-0.5460914117270286,21
445,0.007247234509328498,0.06782727861899308,0.06782727861899308,-0.1287721936768802,0.007390471233757864,0.0859678500007873,0.07503901416534281,-3.682720600383054,21
446,0.009236527335549864,0.07713808094621141,0.07713808094621141,-0.4667412186217217,0.004707989202318068,0.06861478851033549,0.0515878617902081,-0.7808669190080253,21
447,0.00501258273896538,0.05902201689058944,0.05902201689058944,0.16467930333566883,0.0045205583661199885,0.06723509772522078,0.05410860984226526,-0.24886375374371528,21
448,0.00906410440865791,0.07684713815112502,0.07684713815112502,-0.6757107460365714,0.005496419159995525,0.07413783892180514,0.06482221297482477,-0.06643016457564177,21
449,0.007557656577292039,0.07219310693272565,0.07219310693272565,-0.44147440853873476,0.0042228647563649175,0.06498357297321314,0.056552646663754404,0.17271795583708782,21
450,0.00423085342874537,0.048172615888966284,0.048172615888966284,-0.10073711167097987,0.011737121152892304,0.10833799496433513,0.0899956447391745,-0.27160564370734064,21
451,0.009454028169056997,0.0810736691043658,0.0810736691043658,-0.6570104888783008,0.002629379176368562,0.051277472406199606,0.03689806502417629,0.3927605480717634,21
452,0.008944701485198256,0.08065490896779265,0.08065490896779265,-0.6846987092913506,0.009604737461429598,0.09800376248608825,0.07718093060652557,-0.7041257248297788,21
453,0.012166317081415972,0.093925025817364,0.093925025817364,-1.4525802430985153,0.011586509255079813,0.10764064871171956,0.09619886239980137,-0.8015144060220993,21
454,0.009465676226288446,0.08469296855873054,0.08469296855873054,-1.859972087572857,0.015412649921255656,0.12414769398283504,0.10361749314357725,-2.494481788550091,21
455,0.014366211095807959,0.09744538207920998,0.09744538207920998,-1.8201972325989666,0.007517039660779559,0.08670086309131853,0.07742360991386844,-0.21415241392066253,21
456,0.007331030125700046,0.06969709192842133,0.06969709192842133,-0.45293162683795174,0.012340337781843432,0.11108707297360676,0.09315828083285053,-0.9039436196388391,21
457,0.02129153231162293,0.12426129050015125,0.12426129050015125,-2.8354705687921298,0.009831955231232464,0.09915621630151315,0.07944150168063095,-0.9793599809586624,21
458,0.01235290068298496,0.09522664352799692,0.09522664352799692,-1.5736100550511933,0.012094025107306719,0.10997283804334013,0.09928768311541004,-17.1514907263839,21
459,0.01338493707213502,0.09548275016939764,0.09548275016939764,-1.2451083663017029,0.0030924366160346903,0.05560968095605917,0.054253969340993365,0.16228849520660027,21
460,0.005541428436720763,0.06360363200467271,0.06360363200467271,-0.16399420466805403,0.011567572505629882,0.10755264992379258,0.09808786426257093,-1.0901102460818741,21
461,0.007900528701855638,0.0720170708743903,0.0720170708743903,-0.4291128454332793,0.005947545149602419,0.07712032902939678,0.05796033078123869,-0.450938441861475,21
462,0.015403182780030576,0.11101941227498914,0.11101941227498914,-1.6250930096495182,0.0037868264745090463,0.06153719586160102,0.0486411020486028,-0.05475287072105384,21
463,0.014797189210340638,0.09294436123287646,0.09294436123287646,-1.460375837756462,0.008300402740065297,0.09110654608789259,0.08357993262657594,-1.335050502328798,21
464,0.006048773373049827,0.06408752507068252,0.06408752507068252,0.000805019990426703,0.009010802983561538,0.09492524945219548,0.08551744093788739,-1.7841365905911797,21
465,0.008589121842673273,0.07620915131802848,0.07620915131802848,-1.010342419996062,0.012198798046454443,0.11044816904980563,0.10004793977767563,-2.1376328924640786,21
466,0.00787352967408491,0.06842788306628349,0.06842788306628349,-0.42932921187454487,0.004727307087189495,0.06875541496631007,0.05532846318184333,0.07303267749132147,21
467,0.008927764331240155,0.08004761860257492,0.08004761860257492,-0.4465239210049292,0.005414006666130934,0.07357993385516824,0.05814388476775186,-0.7768020475128645,21
468,0.010288238624422033,0.0879760783719742,0.0879760783719742,-1.0760220016147417,0.005162408690129491,0.0718499038978445,0.058830234337857716,-0.8431548602445713,21
469,0.01500513992543906,0.10748890562412639,0.10748890562412639,-1.6193720081800227,0.009502898279474868,0.09748281017428082,0.08290556506699798,-1.3582775357883046,21
470,0.007978094216721554,0.07029472075328376,0.07029472075328376,-0.7799709998971547,0.005441166140337531,0.07376426058964823,0.057274172118877364,0.0011841055410859447,21
471,0.00967293385587613,0.08436887548015404,0.08436887548015404,-0.7054878162153773,0.006069043039780676,0.07790406305052822,0.06649785251291594,-0.7003075861917734,21
472,0.019233999795147755,0.11981442420445328,0.11981442420445328,-2.7330868015601695,0.010387401344973464,0.10191860156504044,0.06318219548634925,-0.7276664924307539,21
473,0.02368282327920736,0.12498251904002153,0.12498251904002153,-2.9737972109393245,0.009264378736652019,0.09625164277378345,0.0830724364902163,-3.035614420163858,21
474,0.010843804581617031,0.09001091738006625,0.09001091738006625,-0.7785823209072471,0.008343679870262357,0.09134374565487424,0.05943785579778044,-1.5921910401867247,21
475,0.008736237135912726,0.07234038623012116,0.07234038623012116,-0.6036834350211244,0.009422053464788666,0.0970672625800721,0.0841748984215414,-2.478923801842997,21
476,0.00894602762693835,0.0781274133971985,0.0781274133971985,-1.2955693639514143,0.015462563499971924,0.1243485564852762,0.10009067212970052,-0.7458122850222642,21
477,0.010339124392869306,0.07229335300011598,0.07229335300011598,-0.8659965615859635,0.007244075323488933,0.08511213382056011,0.06276704873533513,-0.7097330381913525,21
478,0.0066665114909630315,0.060856502978098775,0.060856502978098775,-0.350617442330206,0.008383721182193013,0.09156266259886184,0.08106505134693877,-0.23092470903420792,21
479,0.014373040986988229,0.10627620807935323,0.10627620807935323,-2.110587559100753,0.007824035643105754,0.08845357902937424,0.07843064801325884,-0.192716171538722,21
480,0.00743584667598342,0.07085457261509524,0.07085457261509524,-0.37574105264633784,0.00601303282992362,0.07754374784548151,0.06716101255272965,-0.22857041251164878,21
481,0.016032958024988084,0.10002486020801404,0.10002486020801404,-2.638429273007686,0.007720122409736296,0.0878642271333237,0.07267387113140146,-0.17471083250250508,21
482,0.01136701503828494,0.09153688335751368,0.09153688335751368,-0.8414093201478225,0.007025866797063597,0.08382044378946939,0.06329292166745293,-2.433448255337926,21
483,0.006599796698519542,0.0662409522882769,0.0662409522882769,-0.3411320043318662,0.012526124870430288,0.11192017186562166,0.088696463684363,-1.0619740074304085,21
484,0.007379933145975027,0.07291094327314308,0.07291094327314308,-1.0660904742572819,0.0157465983399054,0.12548545071005404,0.11272538130290088,-1.1606093004094378,21
485,0.0048972133500120784,0.0541465858518614,0.0541465858518614,0.1651957046663166,0.004022520824031407,0.06342334604884393,0.0472095284849789,-0.022179847906867556,21
486,0.007476908011113196,0.0690963669791354,0.0690963669791354,-0.29902343591502034,0.003942680832562942,0.06279077028165,0.05130679005257541,-0.3206109026987318,21
487,0.007050403274125868,0.07164873138411482,0.07164873138411482,-0.5845996634268837,0.00901225191774241,0.09493288111999135,0.0725751816763802,-0.7561739055543097,21
488,0.00889954887462356,0.08200514070663173,0.08200514070663173,-0.5631044248211514,0.006419944668439966,0.08012455721213045,0.06934470585019233,-0.41782533919196463,21
489,0.007073501507786722,0.0671016880435492,0.0671016880435492,-0.3045001052611631,0.00804781537087784,0.08970961693641234,0.060007304027119596,-0.9165607625446976,21
490,0.007330328662861665,0.06318282437437131,0.06318282437437131,-0.3284608057848448,0.008888644852028121,0.09427960994843011,0.07593721125073084,-1.0858181083717224,21
491,0.006487072294539697,0.06432164584512988,0.06432164584512988,-0.4751393582403143,0.01435133696032366,0.1197970657417103,0.104299108197066,-0.8044589096604968,21
492,0.013222476148644496,0.09745852540118803,0.09745852540118803,-1.428205354439509,0.01047312645615628,0.102338294182365,0.08839975824923951,-1.16276174603846,21
493,0.007337329799523368,0.07174689553809134,0.07174689553809134,-0.5031202683969767,0.016564400388995777,0.1287027598344176,0.1178867135840068,-1.908124390913604,21
494,0.010060900254741177,0.08412027094559602,0.08412027094559602,-1.7108989942445834,0.013735420257337589,0.11719820927530245,0.10848458927802666,-0.6571613779406378,21
495,0.010708398205493599,0.09219734953890485,0.09219734953890485,-1.1569063402244817,0.00947943705053613,0.09736240059969829,0.08899210751976176,-0.41794048250655913,21
496,0.014150057224370544,0.10250294147616579,0.10250294147616579,-1.7602313466822737,0.004892556316351011,0.06994681062315143,0.053727190806553506,0.15243858239469732,21
497,0.00927663278290171,0.08494694453065736,0.08494694453065736,-0.9844038821047039,0.014687264573390346,0.12119102513548743,0.1041416352315697,-0.9826763288222129,21
498,0.006107314405335015,0.06538030493953033,0.06538030493953033,-0.1862225708782257,0.0064308436575735255,0.08019254115922207,0.07284608227432528,-0.12558700289608193,21
499,0.010200168371533272,0.0889701198235807,0.0889701198235807,-0.97327195713244,0.008249702043808706,0.09082787041326415,0.08121931909562745,-0.7359663150919942,21
